fetched_at,station_uid,station_name,latitude,longitude,aqi
2026-09-15T00:00:00+00:00,8686,"City Railway Station, Bangalore",12.9767,77.5713,
2026-09-15T00:00:00+00:00,8191,"BWSSB, Bangalore",12.9634,77.5855,88.0
2026-09-15T00:00:00+00:00,8190,"BTM, Bangalore",12.9166,77.6101,103.7
2026-09-15T00:00:00+00:00,3758,"Peenya, Bangalore",13.028,77.52,133.6
2026-09-15T00:00:00+00:00,12441,"BWSSB Kadabesanahalli, Bengaluru",12.937,77.691,99.4
2026-09-15T00:00:00+00:00,11293,"Silk Board, Bengaluru",12.9172,77.6228,169.9
2026-09-15T00:00:00+00:00,11428,"Hebbal, Bengaluru",13.0357,77.597,111.1
2026-09-15T03:00:00+00:00,8686,"City Railway Station, Bangalore",12.9767,77.5713,116.4
2026-09-15T03:00:00+00:00,8191,"BWSSB, Bangalore",12.9634,77.5855,64.0
2026-09-15T03:00:00+00:00,8190,"BTM, Bangalore",12.9166,77.6101,104.7
2026-09-15T03:00:00+00:00,3758,"Peenya, Bangalore",13.028,77.52,133.6
2026-09-15T03:00:00+00:00,12441,"BWSSB Kadabesanahalli, Bengaluru",12.937,77.691,51.3
2026-09-15T03:00:00+00:00,11293,"Silk Board, Bengaluru",12.9172,77.6228,115.3
2026-09-15T03:00:00+00:00,11428,"Hebbal, Bengaluru",13.0357,77.597,92.4
2026-09-15T06:00:00+00:00,8686,"City Railway Station, Bangalore",12.9767,77.5713,131.4
2026-09-15T06:00:00+00:00,8191,"BWSSB, Bangalore",12.9634,77.5855,78.8
2026-09-15T06:00:00+00:00,8190,"BTM, Bangalore",12.9166,77.6101,99.4
2026-09-15T06:00:00+00:00,3758,"Peenya, Bangalore",13.028,77.52,172.0
2026-09-15T06:00:00+00:00,12441,"BWSSB Kadabesanahalli, Bengaluru",12.937,77.691,98.7
2026-09-15T06:00:00+00:00,11293,"Silk Board, Bengaluru",12.9172,77.6228,172.5
2026-09-15T06:00:00+00:00,11428,"Hebbal, Bengaluru",13.0357,77.597,112.5
2026-09-15T09:00:00+00:00,8686,"City Railway Station, Bangalore",12.9767,77.5713,192.6
2026-09-15T09:00:00+00:00,8191,"BWSSB, Bangalore",12.9634,77.5855,132.6
2026-09-15T09:00:00+00:00,8190,"BTM, Bangalore",12.9166,77.6101,140.8
2026-09-15T09:00:00+00:00,3758,"Peenya, Bangalore",13.028,77.52,222.3
2026-09-15T09:00:00+00:00,12441,"BWSSB Kadabesanahalli, Bengaluru",12.937,77.691,137.6
2026-09-15T09:00:00+00:00,11293,"Silk Board, Bengaluru",12.9172,77.6228,237.3
2026-09-15T09:00:00+00:00,11428,"Hebbal, Bengaluru",13.0357,77.597,158.4
2026-09-15T12:00:00+00:00,8686,"City Railway Station, Bangalore",12.9767,77.5713,143.9
2026-09-15T12:00:00+00:00,8191,"BWSSB, Bangalore",12.9634,77.5855,111.5
2026-09-15T12:00:00+00:00,8190,"BTM, Bangalore",12.9166,77.6101,112.1
2026-09-15T12:00:00+00:00,3758,"Peenya, Bangalore",13.028,77.52,161.9
2026-09-15T12:00:00+00:00,12441,"BWSSB Kadabesanahalli, Bengaluru",12.937,77.691,83.6
2026-09-15T12:00:00+00:00,11293,"Silk Board, Bengaluru",12.9172,77.6228,143.1
2026-09-15T12:00:00+00:00,11428,"Hebbal, Bengaluru",13.0357,77.597,124.1
2026-09-15T15:00:00+00:00,8686,"City Railway Station, Bangalore",12.9767,77.5713,119.9
2026-09-15T15:00:00+00:00,8191,"BWSSB, Bangalore",12.9634,77.5855,95.7
2026-09-15T15:00:00+00:00,8190,"BTM, Bangalore",12.9166,77.6101,139.6
2026-09-15T15:00:00+00:00,3758,"Peenya, Bangalore",13.028,77.52,162.7
2026-09-15T15:00:00+00:00,12441,"BWSSB Kadabesanahalli, Bengaluru",12.937,77.691,91.6
2026-09-15T15:00:00+00:00,11293,"Silk Board, Bengaluru",12.9172,77.6228,188.7
2026-09-15T15:00:00+00:00,11428,"Hebbal, Bengaluru",13.0357,77.597,129.0
2026-09-15T18:00:00+00:00,8686,"City Railway Station, Bangalore",12.9767,77.5713,183.0
2026-09-15T18:00:00+00:00,8191,"BWSSB, Bangalore",12.9634,77.5855,128.4
2026-09-15T18:00:00+00:00,8190,"BTM, Bangalore",12.9166,77.6101,144.1
2026-09-15T18:00:00+00:00,3758,"Peenya, Bangalore",13.028,77.52,229.2
2026-09-15T18:00:00+00:00,12441,"BWSSB Kadabesanahalli, Bengaluru",12.937,77.691,107.8
2026-09-15T18:00:00+00:00,11293,"Silk Board, Bengaluru",12.9172,77.6228,231.6
2026-09-15T18:00:00+00:00,11428,"Hebbal, Bengaluru",13.0357,77.597,151.4
2026-09-15T21:00:00+00:00,8686,"City Railway Station, Bangalore",12.9767,77.5713,137.5
2026-09-15T21:00:00+00:00,8191,"BWSSB, Bangalore",12.9634,77.5855,98.1
2026-09-15T21:00:00+00:00,8190,"BTM, Bangalore",12.9166,77.6101,119.4
2026-09-15T21:00:00+00:00,3758,"Peenya, Bangalore",13.028,77.52,171.3
2026-09-15T21:00:00+00:00,12441,"BWSSB Kadabesanahalli, Bengaluru",12.937,77.691,91.6
2026-09-15T21:00:00+00:00,11293,"Silk Board, Bengaluru",12.9172,77.6228,166.8
2026-09-15T21:00:00+00:00,11428,"Hebbal, Bengaluru",13.0357,77.597,122.8
2026-09-16T00:00:00+00:00,8686,"City Railway Station, Bangalore",12.9767,77.5713,147.9
2026-09-16T00:00:00+00:00,8191,"BWSSB, Bangalore",12.9634,77.5855,86.0
2026-09-16T00:00:00+00:00,8190,"BTM, Bangalore",12.9166,77.6101,96.4
2026-09-16T00:00:00+00:00,3758,"Peenya, Bangalore",13.028,77.52,170.1
2026-09-16T00:00:00+00:00,12441,"BWSSB Kadabesanahalli, Bengaluru",12.937,77.691,99.3
2026-09-16T00:00:00+00:00,11293,"Silk Board, Bengaluru",12.9172,77.6228,158.6
2026-09-16T00:00:00+00:00,11428,"Hebbal, Bengaluru",13.0357,77.597,110.7
2026-09-16T03:00:00+00:00,8686,"City Railway Station, Bangalore",12.9767,77.5713,104.6
2026-09-16T03:00:00+00:00,8191,"BWSSB, Bangalore",12.9634,77.5855,58.4
2026-09-16T03:00:00+00:00,8190,"BTM, Bangalore",12.9166,77.6101,88.3
2026-09-16T03:00:00+00:00,3758,"Peenya, Bangalore",13.028,77.52,
2026-09-16T03:00:00+00:00,12441,"BWSSB Kadabesanahalli, Bengaluru",12.937,77.691,74.6
2026-09-16T03:00:00+00:00,11293,"Silk Board, Bengaluru",12.9172,77.6228,136.9
2026-09-16T03:00:00+00:00,11428,"Hebbal, Bengaluru",13.0357,77.597,89.1
2026-09-16T06:00:00+00:00,8686,"City Railway Station, Bangalore",12.9767,77.5713,144.6
2026-09-16T06:00:00+00:00,8191,"BWSSB, Bangalore",12.9634,77.5855,97.8
2026-09-16T06:00:00+00:00,8190,"BTM, Bangalore",12.9166,77.6101,100.3
2026-09-16T06:00:00+00:00,3758,"Peenya, Bangalore",13.028,77.52,177.7
2026-09-16T06:00:00+00:00,12441,"BWSSB Kadabesanahalli, Bengaluru",12.937,77.691,88.6
2026-09-16T06:00:00+00:00,11293,"Silk Board, Bengaluru",12.9172,77.6228,163.5
2026-09-16T06:00:00+00:00,11428,"Hebbal, Bengaluru",13.0357,77.597,136.6
2026-09-16T09:00:00+00:00,8686,"City Railway Station, Bangalore",12.9767,77.5713,200.9
2026-09-16T09:00:00+00:00,8191,"BWSSB, Bangalore",12.9634,77.5855,124.5
2026-09-16T09:00:00+00:00,8190,"BTM, Bangalore",12.9166,77.6101,157.6
2026-09-16T09:00:00+00:00,3758,"Peenya, Bangalore",13.028,77.52,216.9
2026-09-16T09:00:00+00:00,12441,"BWSSB Kadabesanahalli, Bengaluru",12.937,77.691,119.8
2026-09-16T09:00:00+00:00,11293,"Silk Board, Bengaluru",12.9172,77.6228,244.5
2026-09-16T09:00:00+00:00,11428,"Hebbal, Bengaluru",13.0357,77.597,142.6
2026-09-16T12:00:00+00:00,8686,"City Railway Station, Bangalore",12.9767,77.5713,142.6
2026-09-16T12:00:00+00:00,8191,"BWSSB, Bangalore",12.9634,77.5855,123.7
2026-09-16T12:00:00+00:00,8190,"BTM, Bangalore",12.9166,77.6101,132.1
2026-09-16T12:00:00+00:00,3758,"Peenya, Bangalore",13.028,77.52,165.2
2026-09-16T12:00:00+00:00,12441,"BWSSB Kadabesanahalli, Bengaluru",12.937,77.691,93.3
2026-09-16T12:00:00+00:00,11293,"Silk Board, Bengaluru",12.9172,77.6228,169.7
2026-09-16T12:00:00+00:00,11428,"Hebbal, Bengaluru",13.0357,77.597,
2026-09-16T15:00:00+00:00,8686,"City Railway Station, Bangalore",12.9767,77.5713,155.2
2026-09-16T15:00:00+00:00,8191,"BWSSB, Bangalore",12.9634,77.5855,120.5
2026-09-16T15:00:00+00:00,8190,"BTM, Bangalore",12.9166,77.6101,122.4
2026-09-16T15:00:00+00:00,3758,"Peenya, Bangalore",13.028,77.52,
2026-09-16T15:00:00+00:00,12441,"BWSSB Kadabesanahalli, Bengaluru",12.937,77.691,79.5
2026-09-16T15:00:00+00:00,11293,"Silk Board, Bengaluru",12.9172,77.6228,180.3
2026-09-16T15:00:00+00:00,11428,"Hebbal, Bengaluru",13.0357,77.597,129.3
2026-09-16T18:00:00+00:00,8686,"City Railway Station, Bangalore",12.9767,77.5713,190.6
2026-09-16T18:00:00+00:00,8191,"BWSSB, Bangalore",12.9634,77.5855,129.0
2026-09-16T18:00:00+00:00,8190,"BTM, Bangalore",12.9166,77.6101,176.7
2026-09-16T18:00:00+00:00,3758,"Peenya, Bangalore",13.028,77.52,220.3
2026-09-16T18:00:00+00:00,12441,"BWSSB Kadabesanahalli, Bengaluru",12.937,77.691,119.5
2026-09-16T18:00:00+00:00,11293,"Silk Board, Bengaluru",12.9172,77.6228,213.5
2026-09-16T18:00:00+00:00,11428,"Hebbal, Bengaluru",13.0357,77.597,177.4
2026-09-16T21:00:00+00:00,8686,"City Railway Station, Bangalore",12.9767,77.5713,
2026-09-16T21:00:00+00:00,8191,"BWSSB, Bangalore",12.9634,77.5855,87.9
2026-09-16T21:00:00+00:00,8190,"BTM, Bangalore",12.9166,77.6101,120.2
2026-09-16T21:00:00+00:00,3758,"Peenya, Bangalore",13.028,77.52,175.8
2026-09-16T21:00:00+00:00,12441,"BWSSB Kadabesanahalli, Bengaluru",12.937,77.691,91.7
2026-09-16T21:00:00+00:00,11293,"Silk Board, Bengaluru",12.9172,77.6228,165.1
2026-09-16T21:00:00+00:00,11428,"Hebbal, Bengaluru",13.0357,77.597,113.3
2026-09-17T00:00:00+00:00,8686,"City Railway Station, Bangalore",12.9767,77.5713,153.2
2026-09-17T00:00:00+00:00,8191,"BWSSB, Bangalore",12.9634,77.5855,90.1
2026-09-17T00:00:00+00:00,8190,"BTM, Bangalore",12.9166,77.6101,113.1
2026-09-17T00:00:00+00:00,3758,"Peenya, Bangalore",13.028,77.52,158.7
2026-09-17T00:00:00+00:00,12441,"BWSSB Kadabesanahalli, Bengaluru",12.937,77.691,99.4
2026-09-17T00:00:00+00:00,11293,"Silk Board, Bengaluru",12.9172,77.6228,171.7
2026-09-17T00:00:00+00:00,11428,"Hebbal, Bengaluru",13.0357,77.597,112.6
2026-09-17T03:00:00+00:00,8686,"City Railway Station, Bangalore",12.9767,77.5713,113.0
2026-09-17T03:00:00+00:00,8191,"BWSSB, Bangalore",12.9634,77.5855,71.1
2026-09-17T03:00:00+00:00,8190,"BTM, Bangalore",12.9166,77.6101,71.7
2026-09-17T03:00:00+00:00,3758,"Peenya, Bangalore",13.028,77.52,135.5
2026-09-17T03:00:00+00:00,12441,"BWSSB Kadabesanahalli, Bengaluru",12.937,77.691,64.2
2026-09-17T03:00:00+00:00,11293,"Silk Board, Bengaluru",12.9172,77.6228,136.2
2026-09-17T03:00:00+00:00,11428,"Hebbal, Bengaluru",13.0357,77.597,83.2
2026-09-17T06:00:00+00:00,8686,"City Railway Station, Bangalore",12.9767,77.5713,123.1
2026-09-17T06:00:00+00:00,8191,"BWSSB, Bangalore",12.9634,77.5855,87.0
2026-09-17T06:00:00+00:00,8190,"BTM, Bangalore",12.9166,77.6101,126.3
2026-09-17T06:00:00+00:00,3758,"Peenya, Bangalore",13.028,77.52,140.6
2026-09-17T06:00:00+00:00,12441,"BWSSB Kadabesanahalli, Bengaluru",12.937,77.691,106.8
2026-09-17T06:00:00+00:00,11293,"Silk Board, Bengaluru",12.9172,77.6228,171.4
2026-09-17T06:00:00+00:00,11428,"Hebbal, Bengaluru",13.0357,77.597,119.9
2026-09-17T09:00:00+00:00,8686,"City Railway Station, Bangalore",12.9767,77.5713,194.5
2026-09-17T09:00:00+00:00,8191,"BWSSB, Bangalore",12.9634,77.5855,130.9
2026-09-17T09:00:00+00:00,8190,"BTM, Bangalore",12.9166,77.6101,148.7
2026-09-17T09:00:00+00:00,3758,"Peenya, Bangalore",13.028,77.52,223.0
2026-09-17T09:00:00+00:00,12441,"BWSSB Kadabesanahalli, Bengaluru",12.937,77.691,124.8
2026-09-17T09:00:00+00:00,11293,"Silk Board, Bengaluru",12.9172,77.6228,262.1
2026-09-17T09:00:00+00:00,11428,"Hebbal, Bengaluru",13.0357,77.597,152.8
2026-09-17T12:00:00+00:00,8686,"City Railway Station, Bangalore",12.9767,77.5713,141.8
2026-09-17T12:00:00+00:00,8191,"BWSSB, Bangalore",12.9634,77.5855,72.0
2026-09-17T12:00:00+00:00,8190,"BTM, Bangalore",12.9166,77.6101,114.3
2026-09-17T12:00:00+00:00,3758,"Peenya, Bangalore",13.028,77.52,173.9
2026-09-17T12:00:00+00:00,12441,"BWSSB Kadabesanahalli, Bengaluru",12.937,77.691,105.7
2026-09-17T12:00:00+00:00,11293,"Silk Board, Bengaluru",12.9172,77.6228,174.1
2026-09-17T12:00:00+00:00,11428,"Hebbal, Bengaluru",13.0357,77.597,116.6
2026-09-17T15:00:00+00:00,8686,"City Railway Station, Bangalore",12.9767,77.5713,129.2
2026-09-17T15:00:00+00:00,8191,"BWSSB, Bangalore",12.9634,77.5855,95.1
2026-09-17T15:00:00+00:00,8190,"BTM, Bangalore",12.9166,77.6101,110.6
2026-09-17T15:00:00+00:00,3758,"Peenya, Bangalore",13.028,77.52,159.6
2026-09-17T15:00:00+00:00,12441,"BWSSB Kadabesanahalli, Bengaluru",12.937,77.691,95.5
2026-09-17T15:00:00+00:00,11293,"Silk Board, Bengaluru",12.9172,77.6228,176.4
2026-09-17T15:00:00+00:00,11428,"Hebbal, Bengaluru",13.0357,77.597,126.2
2026-09-17T18:00:00+00:00,8686,"City Railway Station, Bangalore",12.9767,77.5713,189.8
2026-09-17T18:00:00+00:00,8191,"BWSSB, Bangalore",12.9634,77.5855,140.6
2026-09-17T18:00:00+00:00,8190,"BTM, Bangalore",12.9166,77.6101,150.5
2026-09-17T18:00:00+00:00,3758,"Peenya, Bangalore",13.028,77.52,240.6
2026-09-17T18:00:00+00:00,12441,"BWSSB Kadabesanahalli, Bengaluru",12.937,77.691,129.3
2026-09-17T18:00:00+00:00,11293,"Silk Board, Bengaluru",12.9172,77.6228,215.5
2026-09-17T18:00:00+00:00,11428,"Hebbal, Bengaluru",13.0357,77.597,179.3
2026-09-17T21:00:00+00:00,8686,"City Railway Station, Bangalore",12.9767,77.5713,149.6
2026-09-17T21:00:00+00:00,8191,"BWSSB, Bangalore",12.9634,77.5855,99.6
2026-09-17T21:00:00+00:00,8190,"BTM, Bangalore",12.9166,77.6101,109.6
2026-09-17T21:00:00+00:00,3758,"Peenya, Bangalore",13.028,77.52,149.3
2026-09-17T21:00:00+00:00,12441,"BWSSB Kadabesanahalli, Bengaluru",12.937,77.691,96.0
2026-09-17T21:00:00+00:00,11293,"Silk Board, Bengaluru",12.9172,77.6228,179.4
2026-09-17T21:00:00+00:00,11428,"Hebbal, Bengaluru",13.0357,77.597,108.7
2026-09-18T00:00:00+00:00,8686,"City Railway Station, Bangalore",12.9767,77.5713,127.6
2026-09-18T00:00:00+00:00,8191,"BWSSB, Bangalore",12.9634,77.5855,95.7
2026-09-18T00:00:00+00:00,8190,"BTM, Bangalore",12.9166,77.6101,82.6
2026-09-18T00:00:00+00:00,3758,"Peenya, Bangalore",13.028,77.52,171.2
2026-09-18T00:00:00+00:00,12441,"BWSSB Kadabesanahalli, Bengaluru",12.937,77.691,102.5
2026-09-18T00:00:00+00:00,11293,"Silk Board, Bengaluru",12.9172,77.6228,185.2
2026-09-18T00:00:00+00:00,11428,"Hebbal, Bengaluru",13.0357,77.597,112.6
2026-09-18T03:00:00+00:00,8686,"City Railway Station, Bangalore",12.9767,77.5713,93.1
2026-09-18T03:00:00+00:00,8191,"BWSSB, Bangalore",12.9634,77.5855,108.2
2026-09-18T03:00:00+00:00,8190,"BTM, Bangalore",12.9166,77.6101,95.9
2026-09-18T03:00:00+00:00,3758,"Peenya, Bangalore",13.028,77.52,104.5
2026-09-18T03:00:00+00:00,12441,"BWSSB Kadabesanahalli, Bengaluru",12.937,77.691,68.4
2026-09-18T03:00:00+00:00,11293,"Silk Board, Bengaluru",12.9172,77.6228,123.5
2026-09-18T03:00:00+00:00,11428,"Hebbal, Bengaluru",13.0357,77.597,77.0
2026-09-18T06:00:00+00:00,8686,"City Railway Station, Bangalore",12.9767,77.5713,146.5
2026-09-18T06:00:00+00:00,8191,"BWSSB, Bangalore",12.9634,77.5855,90.3
2026-09-18T06:00:00+00:00,8190,"BTM, Bangalore",12.9166,77.6101,102.0
2026-09-18T06:00:00+00:00,3758,"Peenya, Bangalore",13.028,77.52,142.0
2026-09-18T06:00:00+00:00,12441,"BWSSB Kadabesanahalli, Bengaluru",12.937,77.691,99.3
2026-09-18T06:00:00+00:00,11293,"Silk Board, Bengaluru",12.9172,77.6228,170.7
2026-09-18T06:00:00+00:00,11428,"Hebbal, Bengaluru",13.0357,77.597,117.1
2026-09-18T09:00:00+00:00,8686,"City Railway Station, Bangalore",12.9767,77.5713,188.0
2026-09-18T09:00:00+00:00,8191,"BWSSB, Bangalore",12.9634,77.5855,121.3
2026-09-18T09:00:00+00:00,8190,"BTM, Bangalore",12.9166,77.6101,157.6
2026-09-18T09:00:00+00:00,3758,"Peenya, Bangalore",13.028,77.52,223.9
2026-09-18T09:00:00+00:00,12441,"BWSSB Kadabesanahalli, Bengaluru",12.937,77.691,127.8
2026-09-18T09:00:00+00:00,11293,"Silk Board, Bengaluru",12.9172,77.6228,228.3
2026-09-18T09:00:00+00:00,11428,"Hebbal, Bengaluru",13.0357,77.597,168.8
2026-09-18T12:00:00+00:00,8686,"City Railway Station, Bangalore",12.9767,77.5713,125.5
2026-09-18T12:00:00+00:00,8191,"BWSSB, Bangalore",12.9634,77.5855,93.2
2026-09-18T12:00:00+00:00,8190,"BTM, Bangalore",12.9166,77.6101,105.1
2026-09-18T12:00:00+00:00,3758,"Peenya, Bangalore",13.028,77.52,157.8
2026-09-18T12:00:00+00:00,12441,"BWSSB Kadabesanahalli, Bengaluru",12.937,77.691,97.1
2026-09-18T12:00:00+00:00,11293,"Silk Board, Bengaluru",12.9172,77.6228,166.3
2026-09-18T12:00:00+00:00,11428,"Hebbal, Bengaluru",13.0357,77.597,149.2
2026-09-18T15:00:00+00:00,8686,"City Railway Station, Bangalore",12.9767,77.5713,141.4
2026-09-18T15:00:00+00:00,8191,"BWSSB, Bangalore",12.9634,77.5855,89.1
2026-09-18T15:00:00+00:00,8190,"BTM, Bangalore",12.9166,77.6101,104.8
2026-09-18T15:00:00+00:00,3758,"Peenya, Bangalore",13.028,77.52,168.5
2026-09-18T15:00:00+00:00,12441,"BWSSB Kadabesanahalli, Bengaluru",12.937,77.691,112.9
2026-09-18T15:00:00+00:00,11293,"Silk Board, Bengaluru",12.9172,77.6228,189.4
2026-09-18T15:00:00+00:00,11428,"Hebbal, Bengaluru",13.0357,77.597,115.1
2026-09-18T18:00:00+00:00,8686,"City Railway Station, Bangalore",12.9767,77.5713,162.5
2026-09-18T18:00:00+00:00,8191,"BWSSB, Bangalore",12.9634,77.5855,117.6
2026-09-18T18:00:00+00:00,8190,"BTM, Bangalore",12.9166,77.6101,151.9
2026-09-18T18:00:00+00:00,3758,"Peenya, Bangalore",13.028,77.52,212.3
2026-09-18T18:00:00+00:00,12441,"BWSSB Kadabesanahalli, Bengaluru",12.937,77.691,114.0
2026-09-18T18:00:00+00:00,11293,"Silk Board, Bengaluru",12.9172,77.6228,247.8
2026-09-18T18:00:00+00:00,11428,"Hebbal, Bengaluru",13.0357,77.597,163.0
2026-09-18T21:00:00+00:00,8686,"City Railway Station, Bangalore",12.9767,77.5713,149.9
2026-09-18T21:00:00+00:00,8191,"BWSSB, Bangalore",12.9634,77.5855,91.8
2026-09-18T21:00:00+00:00,8190,"BTM, Bangalore",12.9166,77.6101,98.3
2026-09-18T21:00:00+00:00,3758,"Peenya, Bangalore",13.028,77.52,174.1
2026-09-18T21:00:00+00:00,12441,"BWSSB Kadabesanahalli, Bengaluru",12.937,77.691,76.9
2026-09-18T21:00:00+00:00,11293,"Silk Board, Bengaluru",12.9172,77.6228,180.0
2026-09-18T21:00:00+00:00,11428,"Hebbal, Bengaluru",13.0357,77.597,142.5
2026-09-19T00:00:00+00:00,8686,"City Railway Station, Bangalore",12.9767,77.5713,
2026-09-19T00:00:00+00:00,8191,"BWSSB, Bangalore",12.9634,77.5855,116.4
2026-09-19T00:00:00+00:00,8190,"BTM, Bangalore",12.9166,77.6101,117.1
2026-09-19T00:00:00+00:00,3758,"Peenya, Bangalore",13.028,77.52,168.0
2026-09-19T00:00:00+00:00,12441,"BWSSB Kadabesanahalli, Bengaluru",12.937,77.691,74.3
2026-09-19T00:00:00+00:00,11293,"Silk Board, Bengaluru",12.9172,77.6228,177.2
2026-09-19T00:00:00+00:00,11428,"Hebbal, Bengaluru",13.0357,77.597,121.2
2026-09-19T03:00:00+00:00,8686,"City Railway Station, Bangalore",12.9767,77.5713,77.2
2026-09-19T03:00:00+00:00,8191,"BWSSB, Bangalore",12.9634,77.5855,55.8
2026-09-19T03:00:00+00:00,8190,"BTM, Bangalore",12.9166,77.6101,67.0
2026-09-19T03:00:00+00:00,3758,"Peenya, Bangalore",13.028,77.52,120.6
2026-09-19T03:00:00+00:00,12441,"BWSSB Kadabesanahalli, Bengaluru",12.937,77.691,48.0
2026-09-19T03:00:00+00:00,11293,"Silk Board, Bengaluru",12.9172,77.6228,98.9
2026-09-19T03:00:00+00:00,11428,"Hebbal, Bengaluru",13.0357,77.597,89.3
2026-09-19T06:00:00+00:00,8686,"City Railway Station, Bangalore",12.9767,77.5713,140.7
2026-09-19T06:00:00+00:00,8191,"BWSSB, Bangalore",12.9634,77.5855,85.6
2026-09-19T06:00:00+00:00,8190,"BTM, Bangalore",12.9166,77.6101,118.1
2026-09-19T06:00:00+00:00,3758,"Peenya, Bangalore",13.028,77.52,195.8
2026-09-19T06:00:00+00:00,12441,"BWSSB Kadabesanahalli, Bengaluru",12.937,77.691,74.7
2026-09-19T06:00:00+00:00,11293,"Silk Board, Bengaluru",12.9172,77.6228,191.7
2026-09-19T06:00:00+00:00,11428,"Hebbal, Bengaluru",13.0357,77.597,88.1
2026-09-19T09:00:00+00:00,8686,"City Railway Station, Bangalore",12.9767,77.5713,173.1
2026-09-19T09:00:00+00:00,8191,"BWSSB, Bangalore",12.9634,77.5855,
2026-09-19T09:00:00+00:00,8190,"BTM, Bangalore",12.9166,77.6101,163.8
2026-09-19T09:00:00+00:00,3758,"Peenya, Bangalore",13.028,77.52,
2026-09-19T09:00:00+00:00,12441,"BWSSB Kadabesanahalli, Bengaluru",12.937,77.691,105.3
2026-09-19T09:00:00+00:00,11293,"Silk Board, Bengaluru",12.9172,77.6228,230.0
2026-09-19T09:00:00+00:00,11428,"Hebbal, Bengaluru",13.0357,77.597,167.9
2026-09-19T12:00:00+00:00,8686,"City Railway Station, Bangalore",12.9767,77.5713,147.4
2026-09-19T12:00:00+00:00,8191,"BWSSB, Bangalore",12.9634,77.5855,75.0
2026-09-19T12:00:00+00:00,8190,"BTM, Bangalore",12.9166,77.6101,131.2
2026-09-19T12:00:00+00:00,3758,"Peenya, Bangalore",13.028,77.52,150.1
2026-09-19T12:00:00+00:00,12441,"BWSSB Kadabesanahalli, Bengaluru",12.937,77.691,78.2
2026-09-19T12:00:00+00:00,11293,"Silk Board, Bengaluru",12.9172,77.6228,184.1
2026-09-19T12:00:00+00:00,11428,"Hebbal, Bengaluru",13.0357,77.597,103.0
2026-09-19T15:00:00+00:00,8686,"City Railway Station, Bangalore",12.9767,77.5713,
2026-09-19T15:00:00+00:00,8191,"BWSSB, Bangalore",12.9634,77.5855,98.7
2026-09-19T15:00:00+00:00,8190,"BTM, Bangalore",12.9166,77.6101,89.5
2026-09-19T15:00:00+00:00,3758,"Peenya, Bangalore",13.028,77.52,167.1
2026-09-19T15:00:00+00:00,12441,"BWSSB Kadabesanahalli, Bengaluru",12.937,77.691,85.8
2026-09-19T15:00:00+00:00,11293,"Silk Board, Bengaluru",12.9172,77.6228,
2026-09-19T15:00:00+00:00,11428,"Hebbal, Bengaluru",13.0357,77.597,110.7
2026-09-19T18:00:00+00:00,8686,"City Railway Station, Bangalore",12.9767,77.5713,200.8
2026-09-19T18:00:00+00:00,8191,"BWSSB, Bangalore",12.9634,77.5855,116.2
2026-09-19T18:00:00+00:00,8190,"BTM, Bangalore",12.9166,77.6101,154.6
2026-09-19T18:00:00+00:00,3758,"Peenya, Bangalore",13.028,77.52,227.4
2026-09-19T18:00:00+00:00,12441,"BWSSB Kadabesanahalli, Bengaluru",12.937,77.691,90.4
2026-09-19T18:00:00+00:00,11293,"Silk Board, Bengaluru",12.9172,77.6228,232.1
2026-09-19T18:00:00+00:00,11428,"Hebbal, Bengaluru",13.0357,77.597,164.4
2026-09-19T21:00:00+00:00,8686,"City Railway Station, Bangalore",12.9767,77.5713,136.3
2026-09-19T21:00:00+00:00,8191,"BWSSB, Bangalore",12.9634,77.5855,84.7
2026-09-19T21:00:00+00:00,8190,"BTM, Bangalore",12.9166,77.6101,118.4
2026-09-19T21:00:00+00:00,3758,"Peenya, Bangalore",13.028,77.52,158.1
2026-09-19T21:00:00+00:00,12441,"BWSSB Kadabesanahalli, Bengaluru",12.937,77.691,89.5
2026-09-19T21:00:00+00:00,11293,"Silk Board, Bengaluru",12.9172,77.6228,188.8
2026-09-19T21:00:00+00:00,11428,"Hebbal, Bengaluru",13.0357,77.597,111.6
2026-09-20T00:00:00+00:00,8686,"City Railway Station, Bangalore",12.9767,77.5713,151.7
2026-09-20T00:00:00+00:00,8191,"BWSSB, Bangalore",12.9634,77.5855,73.8
2026-09-20T00:00:00+00:00,8190,"BTM, Bangalore",12.9166,77.6101,123.7
2026-09-20T00:00:00+00:00,3758,"Peenya, Bangalore",13.028,77.52,149.2
2026-09-20T00:00:00+00:00,12441,"BWSSB Kadabesanahalli, Bengaluru",12.937,77.691,85.3
2026-09-20T00:00:00+00:00,11293,"Silk Board, Bengaluru",12.9172,77.6228,184.8
2026-09-20T00:00:00+00:00,11428,"Hebbal, Bengaluru",13.0357,77.597,127.4
2026-09-20T03:00:00+00:00,8686,"City Railway Station, Bangalore",12.9767,77.5713,102.4
2026-09-20T03:00:00+00:00,8191,"BWSSB, Bangalore",12.9634,77.5855,70.8
2026-09-20T03:00:00+00:00,8190,"BTM, Bangalore",12.9166,77.6101,90.7
2026-09-20T03:00:00+00:00,3758,"Peenya, Bangalore",13.028,77.52,135.0
2026-09-20T03:00:00+00:00,12441,"BWSSB Kadabesanahalli, Bengaluru",12.937,77.691,59.8
2026-09-20T03:00:00+00:00,11293,"Silk Board, Bengaluru",12.9172,77.6228,126.0
2026-09-20T03:00:00+00:00,11428,"Hebbal, Bengaluru",13.0357,77.597,86.3
2026-09-20T06:00:00+00:00,8686,"City Railway Station, Bangalore",12.9767,77.5713,122.2
2026-09-20T06:00:00+00:00,8191,"BWSSB, Bangalore",12.9634,77.5855,
2026-09-20T06:00:00+00:00,8190,"BTM, Bangalore",12.9166,77.6101,117.0
2026-09-20T06:00:00+00:00,3758,"Peenya, Bangalore",13.028,77.52,173.6
2026-09-20T06:00:00+00:00,12441,"BWSSB Kadabesanahalli, Bengaluru",12.937,77.691,88.6
2026-09-20T06:00:00+00:00,11293,"Silk Board, Bengaluru",12.9172,77.6228,189.7
2026-09-20T06:00:00+00:00,11428,"Hebbal, Bengaluru",13.0357,77.597,111.8
2026-09-20T09:00:00+00:00,8686,"City Railway Station, Bangalore",12.9767,77.5713,157.1
2026-09-20T09:00:00+00:00,8191,"BWSSB, Bangalore",12.9634,77.5855,84.0
2026-09-20T09:00:00+00:00,8190,"BTM, Bangalore",12.9166,77.6101,104.9
2026-09-20T09:00:00+00:00,3758,"Peenya, Bangalore",13.028,77.52,173.5
2026-09-20T09:00:00+00:00,12441,"BWSSB Kadabesanahalli, Bengaluru",12.937,77.691,95.6
2026-09-20T09:00:00+00:00,11293,"Silk Board, Bengaluru",12.9172,77.6228,196.2
2026-09-20T09:00:00+00:00,11428,"Hebbal, Bengaluru",13.0357,77.597,123.9
2026-09-20T12:00:00+00:00,8686,"City Railway Station, Bangalore",12.9767,77.5713,163.9
2026-09-20T12:00:00+00:00,8191,"BWSSB, Bangalore",12.9634,77.5855,85.0
2026-09-20T12:00:00+00:00,8190,"BTM, Bangalore",12.9166,77.6101,98.5
2026-09-20T12:00:00+00:00,3758,"Peenya, Bangalore",13.028,77.52,152.5
2026-09-20T12:00:00+00:00,12441,"BWSSB Kadabesanahalli, Bengaluru",12.937,77.691,82.5
2026-09-20T12:00:00+00:00,11293,"Silk Board, Bengaluru",12.9172,77.6228,163.6
2026-09-20T12:00:00+00:00,11428,"Hebbal, Bengaluru",13.0357,77.597,101.2
2026-09-20T15:00:00+00:00,8686,"City Railway Station, Bangalore",12.9767,77.5713,142.0
2026-09-20T15:00:00+00:00,8191,"BWSSB, Bangalore",12.9634,77.5855,87.6
2026-09-20T15:00:00+00:00,8190,"BTM, Bangalore",12.9166,77.6101,105.3
2026-09-20T15:00:00+00:00,3758,"Peenya, Bangalore",13.028,77.52,168.4
2026-09-20T15:00:00+00:00,12441,"BWSSB Kadabesanahalli, Bengaluru",12.937,77.691,92.0
2026-09-20T15:00:00+00:00,11293,"Silk Board, Bengaluru",12.9172,77.6228,172.9
2026-09-20T15:00:00+00:00,11428,"Hebbal, Bengaluru",13.0357,77.597,110.4
2026-09-20T18:00:00+00:00,8686,"City Railway Station, Bangalore",12.9767,77.5713,203.3
2026-09-20T18:00:00+00:00,8191,"BWSSB, Bangalore",12.9634,77.5855,142.7
2026-09-20T18:00:00+00:00,8190,"BTM, Bangalore",12.9166,77.6101,152.6
2026-09-20T18:00:00+00:00,3758,"Peenya, Bangalore",13.028,77.52,203.1
2026-09-20T18:00:00+00:00,12441,"BWSSB Kadabesanahalli, Bengaluru",12.937,77.691,124.4
2026-09-20T18:00:00+00:00,11293,"Silk Board, Bengaluru",12.9172,77.6228,247.4
2026-09-20T18:00:00+00:00,11428,"Hebbal, Bengaluru",13.0357,77.597,167.1
2026-09-20T21:00:00+00:00,8686,"City Railway Station, Bangalore",12.9767,77.5713,130.0
2026-09-20T21:00:00+00:00,8191,"BWSSB, Bangalore",12.9634,77.5855,99.4
2026-09-20T21:00:00+00:00,8190,"BTM, Bangalore",12.9166,77.6101,105.3
2026-09-20T21:00:00+00:00,3758,"Peenya, Bangalore",13.028,77.52,167.3
2026-09-20T21:00:00+00:00,12441,"BWSSB Kadabesanahalli, Bengaluru",12.937,77.691,88.6
2026-09-20T21:00:00+00:00,11293,"Silk Board, Bengaluru",12.9172,77.6228,182.7
2026-09-20T21:00:00+00:00,11428,"Hebbal, Bengaluru",13.0357,77.597,146.0
2026-09-21T00:00:00+00:00,8686,"City Railway Station, Bangalore",12.9767,77.5713,133.5
2026-09-21T00:00:00+00:00,8191,"BWSSB, Bangalore",12.9634,77.5855,84.7
2026-09-21T00:00:00+00:00,8190,"BTM, Bangalore",12.9166,77.6101,105.2
2026-09-21T00:00:00+00:00,3758,"Peenya, Bangalore",13.028,77.52,148.9
2026-09-21T00:00:00+00:00,12441,"BWSSB Kadabesanahalli, Bengaluru",12.937,77.691,84.0
2026-09-21T00:00:00+00:00,11293,"Silk Board, Bengaluru",12.9172,77.6228,
2026-09-21T00:00:00+00:00,11428,"Hebbal, Bengaluru",13.0357,77.597,
2026-09-21T03:00:00+00:00,8686,"City Railway Station, Bangalore",12.9767,77.5713,102.9
2026-09-21T03:00:00+00:00,8191,"BWSSB, Bangalore",12.9634,77.5855,59.0
2026-09-21T03:00:00+00:00,8190,"BTM, Bangalore",12.9166,77.6101,91.0
2026-09-21T03:00:00+00:00,3758,"Peenya, Bangalore",13.028,77.52,108.4
2026-09-21T03:00:00+00:00,12441,"BWSSB Kadabesanahalli, Bengaluru",12.937,77.691,76.5
2026-09-21T03:00:00+00:00,11293,"Silk Board, Bengaluru",12.9172,77.6228,139.1
2026-09-21T03:00:00+00:00,11428,"Hebbal, Bengaluru",13.0357,77.597,88.8
2026-09-21T06:00:00+00:00,8686,"City Railway Station, Bangalore",12.9767,77.5713,146.3
2026-09-21T06:00:00+00:00,8191,"BWSSB, Bangalore",12.9634,77.5855,93.6
2026-09-21T06:00:00+00:00,8190,"BTM, Bangalore",12.9166,77.6101,101.0
2026-09-21T06:00:00+00:00,3758,"Peenya, Bangalore",13.028,77.52,160.5
2026-09-21T06:00:00+00:00,12441,"BWSSB Kadabesanahalli, Bengaluru",12.937,77.691,89.7
2026-09-21T06:00:00+00:00,11293,"Silk Board, Bengaluru",12.9172,77.6228,149.8
2026-09-21T06:00:00+00:00,11428,"Hebbal, Bengaluru",13.0357,77.597,114.4
2026-09-21T09:00:00+00:00,8686,"City Railway Station, Bangalore",12.9767,77.5713,185.2
2026-09-21T09:00:00+00:00,8191,"BWSSB, Bangalore",12.9634,77.5855,129.8
2026-09-21T09:00:00+00:00,8190,"BTM, Bangalore",12.9166,77.6101,140.3
2026-09-21T09:00:00+00:00,3758,"Peenya, Bangalore",13.028,77.52,
2026-09-21T09:00:00+00:00,12441,"BWSSB Kadabesanahalli, Bengaluru",12.937,77.691,96.1
2026-09-21T09:00:00+00:00,11293,"Silk Board, Bengaluru",12.9172,77.6228,230.8
2026-09-21T09:00:00+00:00,11428,"Hebbal, Bengaluru",13.0357,77.597,132.9
2026-09-21T12:00:00+00:00,8686,"City Railway Station, Bangalore",12.9767,77.5713,126.1
2026-09-21T12:00:00+00:00,8191,"BWSSB, Bangalore",12.9634,77.5855,
2026-09-21T12:00:00+00:00,8190,"BTM, Bangalore",12.9166,77.6101,131.4
2026-09-21T12:00:00+00:00,3758,"Peenya, Bangalore",13.028,77.52,154.5
2026-09-21T12:00:00+00:00,12441,"BWSSB Kadabesanahalli, Bengaluru",12.937,77.691,88.5
2026-09-21T12:00:00+00:00,11293,"Silk Board, Bengaluru",12.9172,77.6228,172.9
2026-09-21T12:00:00+00:00,11428,"Hebbal, Bengaluru",13.0357,77.597,111.2
2026-09-21T15:00:00+00:00,8686,"City Railway Station, Bangalore",12.9767,77.5713,144.3
2026-09-21T15:00:00+00:00,8191,"BWSSB, Bangalore",12.9634,77.5855,105.7
2026-09-21T15:00:00+00:00,8190,"BTM, Bangalore",12.9166,77.6101,117.6
2026-09-21T15:00:00+00:00,3758,"Peenya, Bangalore",13.028,77.52,180.8
2026-09-21T15:00:00+00:00,12441,"BWSSB Kadabesanahalli, Bengaluru",12.937,77.691,90.4
2026-09-21T15:00:00+00:00,11293,"Silk Board, Bengaluru",12.9172,77.6228,195.8
2026-09-21T15:00:00+00:00,11428,"Hebbal, Bengaluru",13.0357,77.597,122.4
2026-09-21T18:00:00+00:00,8686,"City Railway Station, Bangalore",12.9767,77.5713,214.7
2026-09-21T18:00:00+00:00,8191,"BWSSB, Bangalore",12.9634,77.5855,117.1
2026-09-21T18:00:00+00:00,8190,"BTM, Bangalore",12.9166,77.6101,157.5
2026-09-21T18:00:00+00:00,3758,"Peenya, Bangalore",13.028,77.52,209.2
2026-09-21T18:00:00+00:00,12441,"BWSSB Kadabesanahalli, Bengaluru",12.937,77.691,125.6
2026-09-21T18:00:00+00:00,11293,"Silk Board, Bengaluru",12.9172,77.6228,249.3
2026-09-21T18:00:00+00:00,11428,"Hebbal, Bengaluru",13.0357,77.597,160.7
2026-09-21T21:00:00+00:00,8686,"City Railway Station, Bangalore",12.9767,77.5713,161.4
2026-09-21T21:00:00+00:00,8191,"BWSSB, Bangalore",12.9634,77.5855,92.9
2026-09-21T21:00:00+00:00,8190,"BTM, Bangalore",12.9166,77.6101,120.6
2026-09-21T21:00:00+00:00,3758,"Peenya, Bangalore",13.028,77.52,182.7
2026-09-21T21:00:00+00:00,12441,"BWSSB Kadabesanahalli, Bengaluru",12.937,77.691,104.6
2026-09-21T21:00:00+00:00,11293,"Silk Board, Bengaluru",12.9172,77.6228,180.9
2026-09-21T21:00:00+00:00,11428,"Hebbal, Bengaluru",13.0357,77.597,123.1
