fetched_at,station_uid,station_name,latitude,longitude,aqi,date,hour,is_offline,temperature_c,humidity_pct,pressure_hpa,wind_speed_ms,rain_1h_mm,clouds_pct,weather_main,weather_desc
2026-09-15 00:00:00+00:00,8686,"City Railway Station, Bangalore",12.9767,77.5713,,2026-09-15,0,True,18.2,77.1,1011.2,2.27,0.0,57.7,Clouds,scattered clouds
2026-09-15 00:00:00+00:00,8191,"BWSSB, Bangalore",12.9634,77.5855,88.0,2026-09-15,0,False,18.2,77.1,1011.2,2.27,0.0,57.7,Clouds,scattered clouds
2026-09-15 00:00:00+00:00,8190,"BTM, Bangalore",12.9166,77.6101,103.7,2026-09-15,0,False,18.2,77.1,1011.2,2.27,0.0,57.7,Clouds,scattered clouds
2026-09-15 00:00:00+00:00,3758,"Peenya, Bangalore",13.028,77.52,133.6,2026-09-15,0,False,18.2,77.1,1011.2,2.27,0.0,57.7,Clouds,scattered clouds
2026-09-15 00:00:00+00:00,12441,"BWSSB Kadabesanahalli, Bengaluru",12.937,77.691,99.4,2026-09-15,0,False,18.2,77.1,1011.2,2.27,0.0,57.7,Clouds,scattered clouds
2026-09-15 00:00:00+00:00,11293,"Silk Board, Bengaluru",12.9172,77.6228,169.9,2026-09-15,0,False,18.2,77.1,1011.2,2.27,0.0,57.7,Clouds,scattered clouds
2026-09-15 00:00:00+00:00,11428,"Hebbal, Bengaluru",13.0357,77.597,111.1,2026-09-15,0,False,18.2,77.1,1011.2,2.27,0.0,57.7,Clouds,scattered clouds
2026-09-15 03:00:00+00:00,11428,"Hebbal, Bengaluru",13.0357,77.597,92.4,2026-09-15,3,False,16.7,67.9,1006.8,2.62,0.0,39.7,Clouds,scattered clouds
2026-09-15 03:00:00+00:00,11293,"Silk Board, Bengaluru",12.9172,77.6228,115.3,2026-09-15,3,False,16.7,67.9,1006.8,2.62,0.0,39.7,Clouds,scattered clouds
2026-09-15 03:00:00+00:00,3758,"Peenya, Bangalore",13.028,77.52,133.6,2026-09-15,3,False,16.7,67.9,1006.8,2.62,0.0,39.7,Clouds,scattered clouds
2026-09-15 03:00:00+00:00,12441,"BWSSB Kadabesanahalli, Bengaluru",12.937,77.691,51.3,2026-09-15,3,False,16.7,67.9,1006.8,2.62,0.0,39.7,Clouds,scattered clouds
2026-09-15 03:00:00+00:00,8191,"BWSSB, Bangalore",12.9634,77.5855,64.0,2026-09-15,3,False,16.7,67.9,1006.8,2.62,0.0,39.7,Clouds,scattered clouds
2026-09-15 03:00:00+00:00,8686,"City Railway Station, Bangalore",12.9767,77.5713,116.4,2026-09-15,3,False,16.7,67.9,1006.8,2.62,0.0,39.7,Clouds,scattered clouds
2026-09-15 03:00:00+00:00,8190,"BTM, Bangalore",12.9166,77.6101,104.7,2026-09-15,3,False,16.7,67.9,1006.8,2.62,0.0,39.7,Clouds,scattered clouds
2026-09-15 06:00:00+00:00,8686,"City Railway Station, Bangalore",12.9767,77.5713,131.4,2026-09-15,6,False,20.6,57.5,1005.0,2.38,0.0,29.7,Clouds,scattered clouds
2026-09-15 06:00:00+00:00,8191,"BWSSB, Bangalore",12.9634,77.5855,78.8,2026-09-15,6,False,20.6,57.5,1005.0,2.38,0.0,29.7,Clouds,scattered clouds
2026-09-15 06:00:00+00:00,8190,"BTM, Bangalore",12.9166,77.6101,99.4,2026-09-15,6,False,20.6,57.5,1005.0,2.38,0.0,29.7,Clouds,scattered clouds
2026-09-15 06:00:00+00:00,3758,"Peenya, Bangalore",13.028,77.52,172.0,2026-09-15,6,False,20.6,57.5,1005.0,2.38,0.0,29.7,Clouds,scattered clouds
2026-09-15 06:00:00+00:00,12441,"BWSSB Kadabesanahalli, Bengaluru",12.937,77.691,98.7,2026-09-15,6,False,20.6,57.5,1005.0,2.38,0.0,29.7,Clouds,scattered clouds
2026-09-15 06:00:00+00:00,11293,"Silk Board, Bengaluru",12.9172,77.6228,172.5,2026-09-15,6,False,20.6,57.5,1005.0,2.38,0.0,29.7,Clouds,scattered clouds
2026-09-15 06:00:00+00:00,11428,"Hebbal, Bengaluru",13.0357,77.597,112.5,2026-09-15,6,False,20.6,57.5,1005.0,2.38,0.0,29.7,Clouds,scattered clouds
2026-09-15 09:00:00+00:00,11293,"Silk Board, Bengaluru",12.9172,77.6228,237.3,2026-09-15,9,False,23.3,58.8,1009.7,3.68,0.0,21.7,Clouds,scattered clouds
2026-09-15 09:00:00+00:00,11428,"Hebbal, Bengaluru",13.0357,77.597,158.4,2026-09-15,9,False,23.3,58.8,1009.7,3.68,0.0,21.7,Clouds,scattered clouds
2026-09-15 09:00:00+00:00,12441,"BWSSB Kadabesanahalli, Bengaluru",12.937,77.691,137.6,2026-09-15,9,False,23.3,58.8,1009.7,3.68,0.0,21.7,Clouds,scattered clouds
2026-09-15 09:00:00+00:00,8191,"BWSSB, Bangalore",12.9634,77.5855,132.6,2026-09-15,9,False,23.3,58.8,1009.7,3.68,0.0,21.7,Clouds,scattered clouds
2026-09-15 09:00:00+00:00,8190,"BTM, Bangalore",12.9166,77.6101,140.8,2026-09-15,9,False,23.3,58.8,1009.7,3.68,0.0,21.7,Clouds,scattered clouds
2026-09-15 09:00:00+00:00,3758,"Peenya, Bangalore",13.028,77.52,222.3,2026-09-15,9,False,23.3,58.8,1009.7,3.68,0.0,21.7,Clouds,scattered clouds
2026-09-15 09:00:00+00:00,8686,"City Railway Station, Bangalore",12.9767,77.5713,192.6,2026-09-15,9,False,23.3,58.8,1009.7,3.68,0.0,21.7,Clouds,scattered clouds
2026-09-15 12:00:00+00:00,11293,"Silk Board, Bengaluru",12.9172,77.6228,143.1,2026-09-15,12,False,28.0,63.6,1009.8,1.69,0.0,35.0,Clouds,scattered clouds
2026-09-15 12:00:00+00:00,12441,"BWSSB Kadabesanahalli, Bengaluru",12.937,77.691,83.6,2026-09-15,12,False,28.0,63.6,1009.8,1.69,0.0,35.0,Clouds,scattered clouds
2026-09-15 12:00:00+00:00,3758,"Peenya, Bangalore",13.028,77.52,161.9,2026-09-15,12,False,28.0,63.6,1009.8,1.69,0.0,35.0,Clouds,scattered clouds
2026-09-15 12:00:00+00:00,11428,"Hebbal, Bengaluru",13.0357,77.597,124.1,2026-09-15,12,False,28.0,63.6,1009.8,1.69,0.0,35.0,Clouds,scattered clouds
2026-09-15 12:00:00+00:00,8191,"BWSSB, Bangalore",12.9634,77.5855,111.5,2026-09-15,12,False,28.0,63.6,1009.8,1.69,0.0,35.0,Clouds,scattered clouds
2026-09-15 12:00:00+00:00,8686,"City Railway Station, Bangalore",12.9767,77.5713,143.9,2026-09-15,12,False,28.0,63.6,1009.8,1.69,0.0,35.0,Clouds,scattered clouds
2026-09-15 12:00:00+00:00,8190,"BTM, Bangalore",12.9166,77.6101,112.1,2026-09-15,12,False,28.0,63.6,1009.8,1.69,0.0,35.0,Clouds,scattered clouds
2026-09-15 15:00:00+00:00,8686,"City Railway Station, Bangalore",12.9767,77.5713,119.9,2026-09-15,15,False,29.2,73.4,1008.0,1.56,0.0,69.2,Clouds,overcast clouds
2026-09-15 15:00:00+00:00,8191,"BWSSB, Bangalore",12.9634,77.5855,95.7,2026-09-15,15,False,29.2,73.4,1008.0,1.56,0.0,69.2,Clouds,overcast clouds
2026-09-15 15:00:00+00:00,8190,"BTM, Bangalore",12.9166,77.6101,139.6,2026-09-15,15,False,29.2,73.4,1008.0,1.56,0.0,69.2,Clouds,overcast clouds
2026-09-15 15:00:00+00:00,3758,"Peenya, Bangalore",13.028,77.52,162.7,2026-09-15,15,False,29.2,73.4,1008.0,1.56,0.0,69.2,Clouds,overcast clouds
2026-09-15 15:00:00+00:00,12441,"BWSSB Kadabesanahalli, Bengaluru",12.937,77.691,91.6,2026-09-15,15,False,29.2,73.4,1008.0,1.56,0.0,69.2,Clouds,overcast clouds
2026-09-15 15:00:00+00:00,11293,"Silk Board, Bengaluru",12.9172,77.6228,188.7,2026-09-15,15,False,29.2,73.4,1008.0,1.56,0.0,69.2,Clouds,overcast clouds
2026-09-15 15:00:00+00:00,11428,"Hebbal, Bengaluru",13.0357,77.597,129.0,2026-09-15,15,False,29.2,73.4,1008.0,1.56,0.0,69.2,Clouds,overcast clouds
2026-09-15 18:00:00+00:00,11293,"Silk Board, Bengaluru",12.9172,77.6228,231.6,2026-09-15,18,False,27.1,78.8,1008.2,1.51,0.0,61.7,Clouds,scattered clouds
2026-09-15 18:00:00+00:00,11428,"Hebbal, Bengaluru",13.0357,77.597,151.4,2026-09-15,18,False,27.1,78.8,1008.2,1.51,0.0,61.7,Clouds,scattered clouds
2026-09-15 18:00:00+00:00,3758,"Peenya, Bangalore",13.028,77.52,229.2,2026-09-15,18,False,27.1,78.8,1008.2,1.51,0.0,61.7,Clouds,scattered clouds
2026-09-15 18:00:00+00:00,12441,"BWSSB Kadabesanahalli, Bengaluru",12.937,77.691,107.8,2026-09-15,18,False,27.1,78.8,1008.2,1.51,0.0,61.7,Clouds,scattered clouds
2026-09-15 18:00:00+00:00,8191,"BWSSB, Bangalore",12.9634,77.5855,128.4,2026-09-15,18,False,27.1,78.8,1008.2,1.51,0.0,61.7,Clouds,scattered clouds
2026-09-15 18:00:00+00:00,8686,"City Railway Station, Bangalore",12.9767,77.5713,183.0,2026-09-15,18,False,27.1,78.8,1008.2,1.51,0.0,61.7,Clouds,scattered clouds
2026-09-15 18:00:00+00:00,8190,"BTM, Bangalore",12.9166,77.6101,144.1,2026-09-15,18,False,27.1,78.8,1008.2,1.51,0.0,61.7,Clouds,scattered clouds
2026-09-15 21:00:00+00:00,11428,"Hebbal, Bengaluru",13.0357,77.597,122.8,2026-09-15,21,False,21.2,86.2,1007.4,3.86,0.0,94.7,Clouds,overcast clouds
2026-09-15 21:00:00+00:00,12441,"BWSSB Kadabesanahalli, Bengaluru",12.937,77.691,91.6,2026-09-15,21,False,21.2,86.2,1007.4,3.86,0.0,94.7,Clouds,overcast clouds
2026-09-15 21:00:00+00:00,3758,"Peenya, Bangalore",13.028,77.52,171.3,2026-09-15,21,False,21.2,86.2,1007.4,3.86,0.0,94.7,Clouds,overcast clouds
2026-09-15 21:00:00+00:00,11293,"Silk Board, Bengaluru",12.9172,77.6228,166.8,2026-09-15,21,False,21.2,86.2,1007.4,3.86,0.0,94.7,Clouds,overcast clouds
2026-09-15 21:00:00+00:00,8191,"BWSSB, Bangalore",12.9634,77.5855,98.1,2026-09-15,21,False,21.2,86.2,1007.4,3.86,0.0,94.7,Clouds,overcast clouds
2026-09-15 21:00:00+00:00,8686,"City Railway Station, Bangalore",12.9767,77.5713,137.5,2026-09-15,21,False,21.2,86.2,1007.4,3.86,0.0,94.7,Clouds,overcast clouds
2026-09-15 21:00:00+00:00,8190,"BTM, Bangalore",12.9166,77.6101,119.4,2026-09-15,21,False,21.2,86.2,1007.4,3.86,0.0,94.7,Clouds,overcast clouds
2026-09-16 00:00:00+00:00,11293,"Silk Board, Bengaluru",12.9172,77.6228,158.6,2026-09-16,0,False,18.0,75.4,1005.6,4.37,0.0,64.7,Clouds,scattered clouds
2026-09-16 00:00:00+00:00,8686,"City Railway Station, Bangalore",12.9767,77.5713,147.9,2026-09-16,0,False,18.0,75.4,1005.6,4.37,0.0,64.7,Clouds,scattered clouds
2026-09-16 00:00:00+00:00,8191,"BWSSB, Bangalore",12.9634,77.5855,86.0,2026-09-16,0,False,18.0,75.4,1005.6,4.37,0.0,64.7,Clouds,scattered clouds
2026-09-16 00:00:00+00:00,8190,"BTM, Bangalore",12.9166,77.6101,96.4,2026-09-16,0,False,18.0,75.4,1005.6,4.37,0.0,64.7,Clouds,scattered clouds
2026-09-16 00:00:00+00:00,3758,"Peenya, Bangalore",13.028,77.52,170.1,2026-09-16,0,False,18.0,75.4,1005.6,4.37,0.0,64.7,Clouds,scattered clouds
2026-09-16 00:00:00+00:00,12441,"BWSSB Kadabesanahalli, Bengaluru",12.937,77.691,99.3,2026-09-16,0,False,18.0,75.4,1005.6,4.37,0.0,64.7,Clouds,scattered clouds
2026-09-16 00:00:00+00:00,11428,"Hebbal, Bengaluru",13.0357,77.597,110.7,2026-09-16,0,False,18.0,75.4,1005.6,4.37,0.0,64.7,Clouds,scattered clouds
2026-09-16 03:00:00+00:00,11428,"Hebbal, Bengaluru",13.0357,77.597,89.1,2026-09-16,3,False,17.9,65.4,1005.2,5.23,0.0,45.8,Clouds,scattered clouds
2026-09-16 03:00:00+00:00,12441,"BWSSB Kadabesanahalli, Bengaluru",12.937,77.691,74.6,2026-09-16,3,False,17.9,65.4,1005.2,5.23,0.0,45.8,Clouds,scattered clouds
2026-09-16 03:00:00+00:00,3758,"Peenya, Bangalore",13.028,77.52,,2026-09-16,3,True,17.9,65.4,1005.2,5.23,0.0,45.8,Clouds,scattered clouds
2026-09-16 03:00:00+00:00,11293,"Silk Board, Bengaluru",12.9172,77.6228,136.9,2026-09-16,3,False,17.9,65.4,1005.2,5.23,0.0,45.8,Clouds,scattered clouds
2026-09-16 03:00:00+00:00,8191,"BWSSB, Bangalore",12.9634,77.5855,58.4,2026-09-16,3,False,17.9,65.4,1005.2,5.23,0.0,45.8,Clouds,scattered clouds
2026-09-16 03:00:00+00:00,8686,"City Railway Station, Bangalore",12.9767,77.5713,104.6,2026-09-16,3,False,17.9,65.4,1005.2,5.23,0.0,45.8,Clouds,scattered clouds
2026-09-16 03:00:00+00:00,8190,"BTM, Bangalore",12.9166,77.6101,88.3,2026-09-16,3,False,17.9,65.4,1005.2,5.23,0.0,45.8,Clouds,scattered clouds
2026-09-16 06:00:00+00:00,8686,"City Railway Station, Bangalore",12.9767,77.5713,144.6,2026-09-16,6,False,19.3,52.5,1008.3,2.71,0.0,20.2,Clouds,scattered clouds
2026-09-16 06:00:00+00:00,8191,"BWSSB, Bangalore",12.9634,77.5855,97.8,2026-09-16,6,False,19.3,52.5,1008.3,2.71,0.0,20.2,Clouds,scattered clouds
2026-09-16 06:00:00+00:00,8190,"BTM, Bangalore",12.9166,77.6101,100.3,2026-09-16,6,False,19.3,52.5,1008.3,2.71,0.0,20.2,Clouds,scattered clouds
2026-09-16 06:00:00+00:00,3758,"Peenya, Bangalore",13.028,77.52,177.7,2026-09-16,6,False,19.3,52.5,1008.3,2.71,0.0,20.2,Clouds,scattered clouds
2026-09-16 06:00:00+00:00,12441,"BWSSB Kadabesanahalli, Bengaluru",12.937,77.691,88.6,2026-09-16,6,False,19.3,52.5,1008.3,2.71,0.0,20.2,Clouds,scattered clouds
2026-09-16 06:00:00+00:00,11293,"Silk Board, Bengaluru",12.9172,77.6228,163.5,2026-09-16,6,False,19.3,52.5,1008.3,2.71,0.0,20.2,Clouds,scattered clouds
2026-09-16 06:00:00+00:00,11428,"Hebbal, Bengaluru",13.0357,77.597,136.6,2026-09-16,6,False,19.3,52.5,1008.3,2.71,0.0,20.2,Clouds,scattered clouds
2026-09-16 09:00:00+00:00,11428,"Hebbal, Bengaluru",13.0357,77.597,142.6,2026-09-16,9,False,24.8,56.3,1010.7,3.94,0.0,30.8,Clouds,scattered clouds
2026-09-16 09:00:00+00:00,11293,"Silk Board, Bengaluru",12.9172,77.6228,244.5,2026-09-16,9,False,24.8,56.3,1010.7,3.94,0.0,30.8,Clouds,scattered clouds
2026-09-16 09:00:00+00:00,12441,"BWSSB Kadabesanahalli, Bengaluru",12.937,77.691,119.8,2026-09-16,9,False,24.8,56.3,1010.7,3.94,0.0,30.8,Clouds,scattered clouds
2026-09-16 09:00:00+00:00,8191,"BWSSB, Bangalore",12.9634,77.5855,124.5,2026-09-16,9,False,24.8,56.3,1010.7,3.94,0.0,30.8,Clouds,scattered clouds
2026-09-16 09:00:00+00:00,8190,"BTM, Bangalore",12.9166,77.6101,157.6,2026-09-16,9,False,24.8,56.3,1010.7,3.94,0.0,30.8,Clouds,scattered clouds
2026-09-16 09:00:00+00:00,8686,"City Railway Station, Bangalore",12.9767,77.5713,200.9,2026-09-16,9,False,24.8,56.3,1010.7,3.94,0.0,30.8,Clouds,scattered clouds
2026-09-16 09:00:00+00:00,3758,"Peenya, Bangalore",13.028,77.52,216.9,2026-09-16,9,False,24.8,56.3,1010.7,3.94,0.0,30.8,Clouds,scattered clouds
2026-09-16 12:00:00+00:00,11293,"Silk Board, Bengaluru",12.9172,77.6228,169.7,2026-09-16,12,False,27.8,65.8,1006.5,1.78,0.0,46.8,Clouds,scattered clouds
2026-09-16 12:00:00+00:00,8686,"City Railway Station, Bangalore",12.9767,77.5713,142.6,2026-09-16,12,False,27.8,65.8,1006.5,1.78,0.0,46.8,Clouds,scattered clouds
2026-09-16 12:00:00+00:00,8191,"BWSSB, Bangalore",12.9634,77.5855,123.7,2026-09-16,12,False,27.8,65.8,1006.5,1.78,0.0,46.8,Clouds,scattered clouds
2026-09-16 12:00:00+00:00,8190,"BTM, Bangalore",12.9166,77.6101,132.1,2026-09-16,12,False,27.8,65.8,1006.5,1.78,0.0,46.8,Clouds,scattered clouds
2026-09-16 12:00:00+00:00,3758,"Peenya, Bangalore",13.028,77.52,165.2,2026-09-16,12,False,27.8,65.8,1006.5,1.78,0.0,46.8,Clouds,scattered clouds
2026-09-16 12:00:00+00:00,12441,"BWSSB Kadabesanahalli, Bengaluru",12.937,77.691,93.3,2026-09-16,12,False,27.8,65.8,1006.5,1.78,0.0,46.8,Clouds,scattered clouds
2026-09-16 12:00:00+00:00,11428,"Hebbal, Bengaluru",13.0357,77.597,,2026-09-16,12,True,27.8,65.8,1006.5,1.78,0.0,46.8,Clouds,scattered clouds
2026-09-16 15:00:00+00:00,11293,"Silk Board, Bengaluru",12.9172,77.6228,180.3,2026-09-16,15,False,28.2,78.9,1009.9,2.82,0.0,39.1,Clouds,scattered clouds
2026-09-16 15:00:00+00:00,11428,"Hebbal, Bengaluru",13.0357,77.597,129.3,2026-09-16,15,False,28.2,78.9,1009.9,2.82,0.0,39.1,Clouds,scattered clouds
2026-09-16 15:00:00+00:00,3758,"Peenya, Bangalore",13.028,77.52,,2026-09-16,15,True,28.2,78.9,1009.9,2.82,0.0,39.1,Clouds,scattered clouds
2026-09-16 15:00:00+00:00,12441,"BWSSB Kadabesanahalli, Bengaluru",12.937,77.691,79.5,2026-09-16,15,False,28.2,78.9,1009.9,2.82,0.0,39.1,Clouds,scattered clouds
2026-09-16 15:00:00+00:00,8190,"BTM, Bangalore",12.9166,77.6101,122.4,2026-09-16,15,False,28.2,78.9,1009.9,2.82,0.0,39.1,Clouds,scattered clouds
2026-09-16 15:00:00+00:00,8191,"BWSSB, Bangalore",12.9634,77.5855,120.5,2026-09-16,15,False,28.2,78.9,1009.9,2.82,0.0,39.1,Clouds,scattered clouds
2026-09-16 15:00:00+00:00,8686,"City Railway Station, Bangalore",12.9767,77.5713,155.2,2026-09-16,15,False,28.2,78.9,1009.9,2.82,0.0,39.1,Clouds,scattered clouds
2026-09-16 18:00:00+00:00,8686,"City Railway Station, Bangalore",12.9767,77.5713,190.6,2026-09-16,18,False,23.4,79.9,1007.1,4.13,0.0,53.0,Clouds,scattered clouds
2026-09-16 18:00:00+00:00,8191,"BWSSB, Bangalore",12.9634,77.5855,129.0,2026-09-16,18,False,23.4,79.9,1007.1,4.13,0.0,53.0,Clouds,scattered clouds
2026-09-16 18:00:00+00:00,8190,"BTM, Bangalore",12.9166,77.6101,176.7,2026-09-16,18,False,23.4,79.9,1007.1,4.13,0.0,53.0,Clouds,scattered clouds
2026-09-16 18:00:00+00:00,3758,"Peenya, Bangalore",13.028,77.52,220.3,2026-09-16,18,False,23.4,79.9,1007.1,4.13,0.0,53.0,Clouds,scattered clouds
2026-09-16 18:00:00+00:00,12441,"BWSSB Kadabesanahalli, Bengaluru",12.937,77.691,119.5,2026-09-16,18,False,23.4,79.9,1007.1,4.13,0.0,53.0,Clouds,scattered clouds
2026-09-16 18:00:00+00:00,11293,"Silk Board, Bengaluru",12.9172,77.6228,213.5,2026-09-16,18,False,23.4,79.9,1007.1,4.13,0.0,53.0,Clouds,scattered clouds
2026-09-16 18:00:00+00:00,11428,"Hebbal, Bengaluru",13.0357,77.597,177.4,2026-09-16,18,False,23.4,79.9,1007.1,4.13,0.0,53.0,Clouds,scattered clouds
2026-09-16 21:00:00+00:00,11428,"Hebbal, Bengaluru",13.0357,77.597,113.3,2026-09-16,21,False,22.0,84.7,1009.8,2.01,0.0,71.4,Clouds,overcast clouds
2026-09-16 21:00:00+00:00,11293,"Silk Board, Bengaluru",12.9172,77.6228,165.1,2026-09-16,21,False,22.0,84.7,1009.8,2.01,0.0,71.4,Clouds,overcast clouds
2026-09-16 21:00:00+00:00,12441,"BWSSB Kadabesanahalli, Bengaluru",12.937,77.691,91.7,2026-09-16,21,False,22.0,84.7,1009.8,2.01,0.0,71.4,Clouds,overcast clouds
2026-09-16 21:00:00+00:00,3758,"Peenya, Bangalore",13.028,77.52,175.8,2026-09-16,21,False,22.0,84.7,1009.8,2.01,0.0,71.4,Clouds,overcast clouds
2026-09-16 21:00:00+00:00,8190,"BTM, Bangalore",12.9166,77.6101,120.2,2026-09-16,21,False,22.0,84.7,1009.8,2.01,0.0,71.4,Clouds,overcast clouds
2026-09-16 21:00:00+00:00,8191,"BWSSB, Bangalore",12.9634,77.5855,87.9,2026-09-16,21,False,22.0,84.7,1009.8,2.01,0.0,71.4,Clouds,overcast clouds
2026-09-16 21:00:00+00:00,8686,"City Railway Station, Bangalore",12.9767,77.5713,,2026-09-16,21,True,22.0,84.7,1009.8,2.01,0.0,71.4,Clouds,overcast clouds
2026-09-17 00:00:00+00:00,8686,"City Railway Station, Bangalore",12.9767,77.5713,153.2,2026-09-17,0,False,17.8,77.9,1007.6,3.05,0.0,58.0,Clouds,scattered clouds
2026-09-17 00:00:00+00:00,8191,"BWSSB, Bangalore",12.9634,77.5855,90.1,2026-09-17,0,False,17.8,77.9,1007.6,3.05,0.0,58.0,Clouds,scattered clouds
2026-09-17 00:00:00+00:00,8190,"BTM, Bangalore",12.9166,77.6101,113.1,2026-09-17,0,False,17.8,77.9,1007.6,3.05,0.0,58.0,Clouds,scattered clouds
2026-09-17 00:00:00+00:00,3758,"Peenya, Bangalore",13.028,77.52,158.7,2026-09-17,0,False,17.8,77.9,1007.6,3.05,0.0,58.0,Clouds,scattered clouds
2026-09-17 00:00:00+00:00,12441,"BWSSB Kadabesanahalli, Bengaluru",12.937,77.691,99.4,2026-09-17,0,False,17.8,77.9,1007.6,3.05,0.0,58.0,Clouds,scattered clouds
2026-09-17 00:00:00+00:00,11293,"Silk Board, Bengaluru",12.9172,77.6228,171.7,2026-09-17,0,False,17.8,77.9,1007.6,3.05,0.0,58.0,Clouds,scattered clouds
2026-09-17 00:00:00+00:00,11428,"Hebbal, Bengaluru",13.0357,77.597,112.6,2026-09-17,0,False,17.8,77.9,1007.6,3.05,0.0,58.0,Clouds,scattered clouds
2026-09-17 03:00:00+00:00,11428,"Hebbal, Bengaluru",13.0357,77.597,83.2,2026-09-17,3,False,18.7,69.3,1009.5,3.7,0.0,32.9,Clouds,scattered clouds
2026-09-17 03:00:00+00:00,11293,"Silk Board, Bengaluru",12.9172,77.6228,136.2,2026-09-17,3,False,18.7,69.3,1009.5,3.7,0.0,32.9,Clouds,scattered clouds
2026-09-17 03:00:00+00:00,12441,"BWSSB Kadabesanahalli, Bengaluru",12.937,77.691,64.2,2026-09-17,3,False,18.7,69.3,1009.5,3.7,0.0,32.9,Clouds,scattered clouds
2026-09-17 03:00:00+00:00,8686,"City Railway Station, Bangalore",12.9767,77.5713,113.0,2026-09-17,3,False,18.7,69.3,1009.5,3.7,0.0,32.9,Clouds,scattered clouds
2026-09-17 03:00:00+00:00,8190,"BTM, Bangalore",12.9166,77.6101,71.7,2026-09-17,3,False,18.7,69.3,1009.5,3.7,0.0,32.9,Clouds,scattered clouds
2026-09-17 03:00:00+00:00,8191,"BWSSB, Bangalore",12.9634,77.5855,71.1,2026-09-17,3,False,18.7,69.3,1009.5,3.7,0.0,32.9,Clouds,scattered clouds
2026-09-17 03:00:00+00:00,3758,"Peenya, Bangalore",13.028,77.52,135.5,2026-09-17,3,False,18.7,69.3,1009.5,3.7,0.0,32.9,Clouds,scattered clouds
2026-09-17 06:00:00+00:00,8686,"City Railway Station, Bangalore",12.9767,77.5713,123.1,2026-09-17,6,False,20.2,55.5,1005.1,2.03,0.0,35.0,Clouds,scattered clouds
2026-09-17 06:00:00+00:00,8191,"BWSSB, Bangalore",12.9634,77.5855,87.0,2026-09-17,6,False,20.2,55.5,1005.1,2.03,0.0,35.0,Clouds,scattered clouds
2026-09-17 06:00:00+00:00,8190,"BTM, Bangalore",12.9166,77.6101,126.3,2026-09-17,6,False,20.2,55.5,1005.1,2.03,0.0,35.0,Clouds,scattered clouds
2026-09-17 06:00:00+00:00,3758,"Peenya, Bangalore",13.028,77.52,140.6,2026-09-17,6,False,20.2,55.5,1005.1,2.03,0.0,35.0,Clouds,scattered clouds
2026-09-17 06:00:00+00:00,12441,"BWSSB Kadabesanahalli, Bengaluru",12.937,77.691,106.8,2026-09-17,6,False,20.2,55.5,1005.1,2.03,0.0,35.0,Clouds,scattered clouds
2026-09-17 06:00:00+00:00,11293,"Silk Board, Bengaluru",12.9172,77.6228,171.4,2026-09-17,6,False,20.2,55.5,1005.1,2.03,0.0,35.0,Clouds,scattered clouds
2026-09-17 06:00:00+00:00,11428,"Hebbal, Bengaluru",13.0357,77.597,119.9,2026-09-17,6,False,20.2,55.5,1005.1,2.03,0.0,35.0,Clouds,scattered clouds
2026-09-17 09:00:00+00:00,11428,"Hebbal, Bengaluru",13.0357,77.597,152.8,2026-09-17,9,False,25.6,57.8,1007.3,1.05,0.0,22.2,Clouds,scattered clouds
2026-09-17 09:00:00+00:00,11293,"Silk Board, Bengaluru",12.9172,77.6228,262.1,2026-09-17,9,False,25.6,57.8,1007.3,1.05,0.0,22.2,Clouds,scattered clouds
2026-09-17 09:00:00+00:00,12441,"BWSSB Kadabesanahalli, Bengaluru",12.937,77.691,124.8,2026-09-17,9,False,25.6,57.8,1007.3,1.05,0.0,22.2,Clouds,scattered clouds
2026-09-17 09:00:00+00:00,8686,"City Railway Station, Bangalore",12.9767,77.5713,194.5,2026-09-17,9,False,25.6,57.8,1007.3,1.05,0.0,22.2,Clouds,scattered clouds
2026-09-17 09:00:00+00:00,8190,"BTM, Bangalore",12.9166,77.6101,148.7,2026-09-17,9,False,25.6,57.8,1007.3,1.05,0.0,22.2,Clouds,scattered clouds
2026-09-17 09:00:00+00:00,8191,"BWSSB, Bangalore",12.9634,77.5855,130.9,2026-09-17,9,False,25.6,57.8,1007.3,1.05,0.0,22.2,Clouds,scattered clouds
2026-09-17 09:00:00+00:00,3758,"Peenya, Bangalore",13.028,77.52,223.0,2026-09-17,9,False,25.6,57.8,1007.3,1.05,0.0,22.2,Clouds,scattered clouds
2026-09-17 12:00:00+00:00,12441,"BWSSB Kadabesanahalli, Bengaluru",12.937,77.691,105.7,2026-09-17,12,False,29.9,60.1,1006.5,0.38,0.0,34.7,Clouds,scattered clouds
2026-09-17 12:00:00+00:00,11428,"Hebbal, Bengaluru",13.0357,77.597,116.6,2026-09-17,12,False,29.9,60.1,1006.5,0.38,0.0,34.7,Clouds,scattered clouds
2026-09-17 12:00:00+00:00,11293,"Silk Board, Bengaluru",12.9172,77.6228,174.1,2026-09-17,12,False,29.9,60.1,1006.5,0.38,0.0,34.7,Clouds,scattered clouds
2026-09-17 12:00:00+00:00,3758,"Peenya, Bangalore",13.028,77.52,173.9,2026-09-17,12,False,29.9,60.1,1006.5,0.38,0.0,34.7,Clouds,scattered clouds
2026-09-17 12:00:00+00:00,8191,"BWSSB, Bangalore",12.9634,77.5855,72.0,2026-09-17,12,False,29.9,60.1,1006.5,0.38,0.0,34.7,Clouds,scattered clouds
2026-09-17 12:00:00+00:00,8686,"City Railway Station, Bangalore",12.9767,77.5713,141.8,2026-09-17,12,False,29.9,60.1,1006.5,0.38,0.0,34.7,Clouds,scattered clouds
2026-09-17 12:00:00+00:00,8190,"BTM, Bangalore",12.9166,77.6101,114.3,2026-09-17,12,False,29.9,60.1,1006.5,0.38,0.0,34.7,Clouds,scattered clouds
2026-09-17 15:00:00+00:00,8686,"City Railway Station, Bangalore",12.9767,77.5713,129.2,2026-09-17,15,False,29.0,70.6,1003.1,2.78,0.0,58.0,Clouds,scattered clouds
2026-09-17 15:00:00+00:00,8191,"BWSSB, Bangalore",12.9634,77.5855,95.1,2026-09-17,15,False,29.0,70.6,1003.1,2.78,0.0,58.0,Clouds,scattered clouds
2026-09-17 15:00:00+00:00,8190,"BTM, Bangalore",12.9166,77.6101,110.6,2026-09-17,15,False,29.0,70.6,1003.1,2.78,0.0,58.0,Clouds,scattered clouds
2026-09-17 15:00:00+00:00,3758,"Peenya, Bangalore",13.028,77.52,159.6,2026-09-17,15,False,29.0,70.6,1003.1,2.78,0.0,58.0,Clouds,scattered clouds
2026-09-17 15:00:00+00:00,12441,"BWSSB Kadabesanahalli, Bengaluru",12.937,77.691,95.5,2026-09-17,15,False,29.0,70.6,1003.1,2.78,0.0,58.0,Clouds,scattered clouds
2026-09-17 15:00:00+00:00,11293,"Silk Board, Bengaluru",12.9172,77.6228,176.4,2026-09-17,15,False,29.0,70.6,1003.1,2.78,0.0,58.0,Clouds,scattered clouds
2026-09-17 15:00:00+00:00,11428,"Hebbal, Bengaluru",13.0357,77.597,126.2,2026-09-17,15,False,29.0,70.6,1003.1,2.78,0.0,58.0,Clouds,scattered clouds
2026-09-17 18:00:00+00:00,8686,"City Railway Station, Bangalore",12.9767,77.5713,189.8,2026-09-17,18,False,24.8,86.8,1010.4,4.05,0.0,68.5,Clouds,overcast clouds
2026-09-17 18:00:00+00:00,8191,"BWSSB, Bangalore",12.9634,77.5855,140.6,2026-09-17,18,False,24.8,86.8,1010.4,4.05,0.0,68.5,Clouds,overcast clouds
2026-09-17 18:00:00+00:00,8190,"BTM, Bangalore",12.9166,77.6101,150.5,2026-09-17,18,False,24.8,86.8,1010.4,4.05,0.0,68.5,Clouds,overcast clouds
2026-09-17 18:00:00+00:00,3758,"Peenya, Bangalore",13.028,77.52,240.6,2026-09-17,18,False,24.8,86.8,1010.4,4.05,0.0,68.5,Clouds,overcast clouds
2026-09-17 18:00:00+00:00,12441,"BWSSB Kadabesanahalli, Bengaluru",12.937,77.691,129.3,2026-09-17,18,False,24.8,86.8,1010.4,4.05,0.0,68.5,Clouds,overcast clouds
2026-09-17 18:00:00+00:00,11293,"Silk Board, Bengaluru",12.9172,77.6228,215.5,2026-09-17,18,False,24.8,86.8,1010.4,4.05,0.0,68.5,Clouds,overcast clouds
2026-09-17 18:00:00+00:00,11428,"Hebbal, Bengaluru",13.0357,77.597,179.3,2026-09-17,18,False,24.8,86.8,1010.4,4.05,0.0,68.5,Clouds,overcast clouds
2026-09-17 21:00:00+00:00,11293,"Silk Board, Bengaluru",12.9172,77.6228,179.4,2026-09-17,21,False,21.6,78.0,1008.0,3.48,0.0,72.6,Clouds,overcast clouds
2026-09-17 21:00:00+00:00,11428,"Hebbal, Bengaluru",13.0357,77.597,108.7,2026-09-17,21,False,21.6,78.0,1008.0,3.48,0.0,72.6,Clouds,overcast clouds
2026-09-17 21:00:00+00:00,12441,"BWSSB Kadabesanahalli, Bengaluru",12.937,77.691,96.0,2026-09-17,21,False,21.6,78.0,1008.0,3.48,0.0,72.6,Clouds,overcast clouds
2026-09-17 21:00:00+00:00,3758,"Peenya, Bangalore",13.028,77.52,149.3,2026-09-17,21,False,21.6,78.0,1008.0,3.48,0.0,72.6,Clouds,overcast clouds
2026-09-17 21:00:00+00:00,8190,"BTM, Bangalore",12.9166,77.6101,109.6,2026-09-17,21,False,21.6,78.0,1008.0,3.48,0.0,72.6,Clouds,overcast clouds
2026-09-17 21:00:00+00:00,8191,"BWSSB, Bangalore",12.9634,77.5855,99.6,2026-09-17,21,False,21.6,78.0,1008.0,3.48,0.0,72.6,Clouds,overcast clouds
2026-09-17 21:00:00+00:00,8686,"City Railway Station, Bangalore",12.9767,77.5713,149.6,2026-09-17,21,False,21.6,78.0,1008.0,3.48,0.0,72.6,Clouds,overcast clouds
2026-09-18 00:00:00+00:00,11293,"Silk Board, Bengaluru",12.9172,77.6228,185.2,2026-09-18,0,False,17.8,80.4,1007.8,1.97,0.0,52.1,Clouds,scattered clouds
2026-09-18 00:00:00+00:00,12441,"BWSSB Kadabesanahalli, Bengaluru",12.937,77.691,102.5,2026-09-18,0,False,17.8,80.4,1007.8,1.97,0.0,52.1,Clouds,scattered clouds
2026-09-18 00:00:00+00:00,3758,"Peenya, Bangalore",13.028,77.52,171.2,2026-09-18,0,False,17.8,80.4,1007.8,1.97,0.0,52.1,Clouds,scattered clouds
2026-09-18 00:00:00+00:00,11428,"Hebbal, Bengaluru",13.0357,77.597,112.6,2026-09-18,0,False,17.8,80.4,1007.8,1.97,0.0,52.1,Clouds,scattered clouds
2026-09-18 00:00:00+00:00,8191,"BWSSB, Bangalore",12.9634,77.5855,95.7,2026-09-18,0,False,17.8,80.4,1007.8,1.97,0.0,52.1,Clouds,scattered clouds
2026-09-18 00:00:00+00:00,8686,"City Railway Station, Bangalore",12.9767,77.5713,127.6,2026-09-18,0,False,17.8,80.4,1007.8,1.97,0.0,52.1,Clouds,scattered clouds
2026-09-18 00:00:00+00:00,8190,"BTM, Bangalore",12.9166,77.6101,82.6,2026-09-18,0,False,17.8,80.4,1007.8,1.97,0.0,52.1,Clouds,scattered clouds
2026-09-18 03:00:00+00:00,8686,"City Railway Station, Bangalore",12.9767,77.5713,93.1,2026-09-18,3,False,16.8,62.4,1009.7,1.87,0.0,22.9,Clouds,scattered clouds
2026-09-18 03:00:00+00:00,8191,"BWSSB, Bangalore",12.9634,77.5855,108.2,2026-09-18,3,False,16.8,62.4,1009.7,1.87,0.0,22.9,Clouds,scattered clouds
2026-09-18 03:00:00+00:00,8190,"BTM, Bangalore",12.9166,77.6101,95.9,2026-09-18,3,False,16.8,62.4,1009.7,1.87,0.0,22.9,Clouds,scattered clouds
2026-09-18 03:00:00+00:00,3758,"Peenya, Bangalore",13.028,77.52,104.5,2026-09-18,3,False,16.8,62.4,1009.7,1.87,0.0,22.9,Clouds,scattered clouds
2026-09-18 03:00:00+00:00,12441,"BWSSB Kadabesanahalli, Bengaluru",12.937,77.691,68.4,2026-09-18,3,False,16.8,62.4,1009.7,1.87,0.0,22.9,Clouds,scattered clouds
2026-09-18 03:00:00+00:00,11293,"Silk Board, Bengaluru",12.9172,77.6228,123.5,2026-09-18,3,False,16.8,62.4,1009.7,1.87,0.0,22.9,Clouds,scattered clouds
2026-09-18 03:00:00+00:00,11428,"Hebbal, Bengaluru",13.0357,77.597,77.0,2026-09-18,3,False,16.8,62.4,1009.7,1.87,0.0,22.9,Clouds,scattered clouds
2026-09-18 06:00:00+00:00,12441,"BWSSB Kadabesanahalli, Bengaluru",12.937,77.691,99.3,2026-09-18,6,False,21.3,59.7,1011.0,2.58,0.0,24.1,Clouds,scattered clouds
2026-09-18 06:00:00+00:00,3758,"Peenya, Bangalore",13.028,77.52,142.0,2026-09-18,6,False,21.3,59.7,1011.0,2.58,0.0,24.1,Clouds,scattered clouds
2026-09-18 06:00:00+00:00,11293,"Silk Board, Bengaluru",12.9172,77.6228,170.7,2026-09-18,6,False,21.3,59.7,1011.0,2.58,0.0,24.1,Clouds,scattered clouds
2026-09-18 06:00:00+00:00,8191,"BWSSB, Bangalore",12.9634,77.5855,90.3,2026-09-18,6,False,21.3,59.7,1011.0,2.58,0.0,24.1,Clouds,scattered clouds
2026-09-18 06:00:00+00:00,8686,"City Railway Station, Bangalore",12.9767,77.5713,146.5,2026-09-18,6,False,21.3,59.7,1011.0,2.58,0.0,24.1,Clouds,scattered clouds
2026-09-18 06:00:00+00:00,8190,"BTM, Bangalore",12.9166,77.6101,102.0,2026-09-18,6,False,21.3,59.7,1011.0,2.58,0.0,24.1,Clouds,scattered clouds
2026-09-18 06:00:00+00:00,11428,"Hebbal, Bengaluru",13.0357,77.597,117.1,2026-09-18,6,False,21.3,59.7,1011.0,2.58,0.0,24.1,Clouds,scattered clouds
2026-09-18 09:00:00+00:00,12441,"BWSSB Kadabesanahalli, Bengaluru",12.937,77.691,127.8,2026-09-18,9,False,24.2,54.3,1008.8,0.3,0.0,37.5,Clouds,scattered clouds
2026-09-18 09:00:00+00:00,11293,"Silk Board, Bengaluru",12.9172,77.6228,228.3,2026-09-18,9,False,24.2,54.3,1008.8,0.3,0.0,37.5,Clouds,scattered clouds
2026-09-18 09:00:00+00:00,3758,"Peenya, Bangalore",13.028,77.52,223.9,2026-09-18,9,False,24.2,54.3,1008.8,0.3,0.0,37.5,Clouds,scattered clouds
2026-09-18 09:00:00+00:00,11428,"Hebbal, Bengaluru",13.0357,77.597,168.8,2026-09-18,9,False,24.2,54.3,1008.8,0.3,0.0,37.5,Clouds,scattered clouds
2026-09-18 09:00:00+00:00,8191,"BWSSB, Bangalore",12.9634,77.5855,121.3,2026-09-18,9,False,24.2,54.3,1008.8,0.3,0.0,37.5,Clouds,scattered clouds
2026-09-18 09:00:00+00:00,8686,"City Railway Station, Bangalore",12.9767,77.5713,188.0,2026-09-18,9,False,24.2,54.3,1008.8,0.3,0.0,37.5,Clouds,scattered clouds
2026-09-18 09:00:00+00:00,8190,"BTM, Bangalore",12.9166,77.6101,157.6,2026-09-18,9,False,24.2,54.3,1008.8,0.3,0.0,37.5,Clouds,scattered clouds
2026-09-18 12:00:00+00:00,11293,"Silk Board, Bengaluru",12.9172,77.6228,166.3,2026-09-18,12,False,26.9,62.6,1007.9,3.14,0.0,23.4,Clouds,scattered clouds
2026-09-18 12:00:00+00:00,12441,"BWSSB Kadabesanahalli, Bengaluru",12.937,77.691,97.1,2026-09-18,12,False,26.9,62.6,1007.9,3.14,0.0,23.4,Clouds,scattered clouds
2026-09-18 12:00:00+00:00,3758,"Peenya, Bangalore",13.028,77.52,157.8,2026-09-18,12,False,26.9,62.6,1007.9,3.14,0.0,23.4,Clouds,scattered clouds
2026-09-18 12:00:00+00:00,11428,"Hebbal, Bengaluru",13.0357,77.597,149.2,2026-09-18,12,False,26.9,62.6,1007.9,3.14,0.0,23.4,Clouds,scattered clouds
2026-09-18 12:00:00+00:00,8191,"BWSSB, Bangalore",12.9634,77.5855,93.2,2026-09-18,12,False,26.9,62.6,1007.9,3.14,0.0,23.4,Clouds,scattered clouds
2026-09-18 12:00:00+00:00,8686,"City Railway Station, Bangalore",12.9767,77.5713,125.5,2026-09-18,12,False,26.9,62.6,1007.9,3.14,0.0,23.4,Clouds,scattered clouds
2026-09-18 12:00:00+00:00,8190,"BTM, Bangalore",12.9166,77.6101,105.1,2026-09-18,12,False,26.9,62.6,1007.9,3.14,0.0,23.4,Clouds,scattered clouds
2026-09-18 15:00:00+00:00,8686,"City Railway Station, Bangalore",12.9767,77.5713,141.4,2026-09-18,15,False,28.9,74.2,1007.8,2.99,0.0,71.0,Clouds,overcast clouds
2026-09-18 15:00:00+00:00,8191,"BWSSB, Bangalore",12.9634,77.5855,89.1,2026-09-18,15,False,28.9,74.2,1007.8,2.99,0.0,71.0,Clouds,overcast clouds
2026-09-18 15:00:00+00:00,8190,"BTM, Bangalore",12.9166,77.6101,104.8,2026-09-18,15,False,28.9,74.2,1007.8,2.99,0.0,71.0,Clouds,overcast clouds
2026-09-18 15:00:00+00:00,3758,"Peenya, Bangalore",13.028,77.52,168.5,2026-09-18,15,False,28.9,74.2,1007.8,2.99,0.0,71.0,Clouds,overcast clouds
2026-09-18 15:00:00+00:00,12441,"BWSSB Kadabesanahalli, Bengaluru",12.937,77.691,112.9,2026-09-18,15,False,28.9,74.2,1007.8,2.99,0.0,71.0,Clouds,overcast clouds
2026-09-18 15:00:00+00:00,11293,"Silk Board, Bengaluru",12.9172,77.6228,189.4,2026-09-18,15,False,28.9,74.2,1007.8,2.99,0.0,71.0,Clouds,overcast clouds
2026-09-18 15:00:00+00:00,11428,"Hebbal, Bengaluru",13.0357,77.597,115.1,2026-09-18,15,False,28.9,74.2,1007.8,2.99,0.0,71.0,Clouds,overcast clouds
2026-09-18 18:00:00+00:00,12441,"BWSSB Kadabesanahalli, Bengaluru",12.937,77.691,114.0,2026-09-18,18,False,24.5,81.9,1009.7,2.83,0.0,65.1,Clouds,overcast clouds
2026-09-18 18:00:00+00:00,11293,"Silk Board, Bengaluru",12.9172,77.6228,247.8,2026-09-18,18,False,24.5,81.9,1009.7,2.83,0.0,65.1,Clouds,overcast clouds
2026-09-18 18:00:00+00:00,3758,"Peenya, Bangalore",13.028,77.52,212.3,2026-09-18,18,False,24.5,81.9,1009.7,2.83,0.0,65.1,Clouds,overcast clouds
2026-09-18 18:00:00+00:00,11428,"Hebbal, Bengaluru",13.0357,77.597,163.0,2026-09-18,18,False,24.5,81.9,1009.7,2.83,0.0,65.1,Clouds,overcast clouds
2026-09-18 18:00:00+00:00,8191,"BWSSB, Bangalore",12.9634,77.5855,117.6,2026-09-18,18,False,24.5,81.9,1009.7,2.83,0.0,65.1,Clouds,overcast clouds
2026-09-18 18:00:00+00:00,8686,"City Railway Station, Bangalore",12.9767,77.5713,162.5,2026-09-18,18,False,24.5,81.9,1009.7,2.83,0.0,65.1,Clouds,overcast clouds
2026-09-18 18:00:00+00:00,8190,"BTM, Bangalore",12.9166,77.6101,151.9,2026-09-18,18,False,24.5,81.9,1009.7,2.83,0.0,65.1,Clouds,overcast clouds
2026-09-18 21:00:00+00:00,8686,"City Railway Station, Bangalore",12.9767,77.5713,149.9,2026-09-18,21,False,20.6,82.0,1007.3,4.01,0.0,73.3,Clouds,overcast clouds
2026-09-18 21:00:00+00:00,8191,"BWSSB, Bangalore",12.9634,77.5855,91.8,2026-09-18,21,False,20.6,82.0,1007.3,4.01,0.0,73.3,Clouds,overcast clouds
2026-09-18 21:00:00+00:00,8190,"BTM, Bangalore",12.9166,77.6101,98.3,2026-09-18,21,False,20.6,82.0,1007.3,4.01,0.0,73.3,Clouds,overcast clouds
2026-09-18 21:00:00+00:00,3758,"Peenya, Bangalore",13.028,77.52,174.1,2026-09-18,21,False,20.6,82.0,1007.3,4.01,0.0,73.3,Clouds,overcast clouds
2026-09-18 21:00:00+00:00,12441,"BWSSB Kadabesanahalli, Bengaluru",12.937,77.691,76.9,2026-09-18,21,False,20.6,82.0,1007.3,4.01,0.0,73.3,Clouds,overcast clouds
2026-09-18 21:00:00+00:00,11293,"Silk Board, Bengaluru",12.9172,77.6228,180.0,2026-09-18,21,False,20.6,82.0,1007.3,4.01,0.0,73.3,Clouds,overcast clouds
2026-09-18 21:00:00+00:00,11428,"Hebbal, Bengaluru",13.0357,77.597,142.5,2026-09-18,21,False,20.6,82.0,1007.3,4.01,0.0,73.3,Clouds,overcast clouds
2026-09-19 00:00:00+00:00,11428,"Hebbal, Bengaluru",13.0357,77.597,121.2,2026-09-19,0,False,16.4,82.0,1012.9,2.78,0.0,48.7,Clouds,scattered clouds
2026-09-19 00:00:00+00:00,11293,"Silk Board, Bengaluru",12.9172,77.6228,177.2,2026-09-19,0,False,16.4,82.0,1012.9,2.78,0.0,48.7,Clouds,scattered clouds
2026-09-19 00:00:00+00:00,12441,"BWSSB Kadabesanahalli, Bengaluru",12.937,77.691,74.3,2026-09-19,0,False,16.4,82.0,1012.9,2.78,0.0,48.7,Clouds,scattered clouds
2026-09-19 00:00:00+00:00,3758,"Peenya, Bangalore",13.028,77.52,168.0,2026-09-19,0,False,16.4,82.0,1012.9,2.78,0.0,48.7,Clouds,scattered clouds
2026-09-19 00:00:00+00:00,8191,"BWSSB, Bangalore",12.9634,77.5855,116.4,2026-09-19,0,False,16.4,82.0,1012.9,2.78,0.0,48.7,Clouds,scattered clouds
2026-09-19 00:00:00+00:00,8686,"City Railway Station, Bangalore",12.9767,77.5713,,2026-09-19,0,True,16.4,82.0,1012.9,2.78,0.0,48.7,Clouds,scattered clouds
2026-09-19 00:00:00+00:00,8190,"BTM, Bangalore",12.9166,77.6101,117.1,2026-09-19,0,False,16.4,82.0,1012.9,2.78,0.0,48.7,Clouds,scattered clouds
2026-09-19 03:00:00+00:00,8686,"City Railway Station, Bangalore",12.9767,77.5713,77.2,2026-09-19,3,False,19.2,67.7,1009.7,3.57,0.0,39.0,Clouds,scattered clouds
2026-09-19 03:00:00+00:00,8191,"BWSSB, Bangalore",12.9634,77.5855,55.8,2026-09-19,3,False,19.2,67.7,1009.7,3.57,0.0,39.0,Clouds,scattered clouds
2026-09-19 03:00:00+00:00,8190,"BTM, Bangalore",12.9166,77.6101,67.0,2026-09-19,3,False,19.2,67.7,1009.7,3.57,0.0,39.0,Clouds,scattered clouds
2026-09-19 03:00:00+00:00,3758,"Peenya, Bangalore",13.028,77.52,120.6,2026-09-19,3,False,19.2,67.7,1009.7,3.57,0.0,39.0,Clouds,scattered clouds
2026-09-19 03:00:00+00:00,12441,"BWSSB Kadabesanahalli, Bengaluru",12.937,77.691,48.0,2026-09-19,3,False,19.2,67.7,1009.7,3.57,0.0,39.0,Clouds,scattered clouds
2026-09-19 03:00:00+00:00,11293,"Silk Board, Bengaluru",12.9172,77.6228,98.9,2026-09-19,3,False,19.2,67.7,1009.7,3.57,0.0,39.0,Clouds,scattered clouds
2026-09-19 03:00:00+00:00,11428,"Hebbal, Bengaluru",13.0357,77.597,89.3,2026-09-19,3,False,19.2,67.7,1009.7,3.57,0.0,39.0,Clouds,scattered clouds
2026-09-19 06:00:00+00:00,11293,"Silk Board, Bengaluru",12.9172,77.6228,191.7,2026-09-19,6,False,21.5,60.4,1013.1,2.23,0.0,21.6,Clouds,scattered clouds
2026-09-19 06:00:00+00:00,11428,"Hebbal, Bengaluru",13.0357,77.597,88.1,2026-09-19,6,False,21.5,60.4,1013.1,2.23,0.0,21.6,Clouds,scattered clouds
2026-09-19 06:00:00+00:00,12441,"BWSSB Kadabesanahalli, Bengaluru",12.937,77.691,74.7,2026-09-19,6,False,21.5,60.4,1013.1,2.23,0.0,21.6,Clouds,scattered clouds
2026-09-19 06:00:00+00:00,3758,"Peenya, Bangalore",13.028,77.52,195.8,2026-09-19,6,False,21.5,60.4,1013.1,2.23,0.0,21.6,Clouds,scattered clouds
2026-09-19 06:00:00+00:00,8190,"BTM, Bangalore",12.9166,77.6101,118.1,2026-09-19,6,False,21.5,60.4,1013.1,2.23,0.0,21.6,Clouds,scattered clouds
2026-09-19 06:00:00+00:00,8191,"BWSSB, Bangalore",12.9634,77.5855,85.6,2026-09-19,6,False,21.5,60.4,1013.1,2.23,0.0,21.6,Clouds,scattered clouds
2026-09-19 06:00:00+00:00,8686,"City Railway Station, Bangalore",12.9767,77.5713,140.7,2026-09-19,6,False,21.5,60.4,1013.1,2.23,0.0,21.6,Clouds,scattered clouds
2026-09-19 09:00:00+00:00,11293,"Silk Board, Bengaluru",12.9172,77.6228,230.0,2026-09-19,9,False,23.6,56.1,1009.7,2.35,0.0,36.0,Clouds,scattered clouds
2026-09-19 09:00:00+00:00,12441,"BWSSB Kadabesanahalli, Bengaluru",12.937,77.691,105.3,2026-09-19,9,False,23.6,56.1,1009.7,2.35,0.0,36.0,Clouds,scattered clouds
2026-09-19 09:00:00+00:00,3758,"Peenya, Bangalore",13.028,77.52,,2026-09-19,9,True,23.6,56.1,1009.7,2.35,0.0,36.0,Clouds,scattered clouds
2026-09-19 09:00:00+00:00,11428,"Hebbal, Bengaluru",13.0357,77.597,167.9,2026-09-19,9,False,23.6,56.1,1009.7,2.35,0.0,36.0,Clouds,scattered clouds
2026-09-19 09:00:00+00:00,8191,"BWSSB, Bangalore",12.9634,77.5855,,2026-09-19,9,True,23.6,56.1,1009.7,2.35,0.0,36.0,Clouds,scattered clouds
2026-09-19 09:00:00+00:00,8686,"City Railway Station, Bangalore",12.9767,77.5713,173.1,2026-09-19,9,False,23.6,56.1,1009.7,2.35,0.0,36.0,Clouds,scattered clouds
2026-09-19 09:00:00+00:00,8190,"BTM, Bangalore",12.9166,77.6101,163.8,2026-09-19,9,False,23.6,56.1,1009.7,2.35,0.0,36.0,Clouds,scattered clouds
2026-09-19 12:00:00+00:00,8686,"City Railway Station, Bangalore",12.9767,77.5713,147.4,2026-09-19,12,False,28.0,61.4,1005.8,2.14,0.0,51.6,Clouds,scattered clouds
2026-09-19 12:00:00+00:00,8191,"BWSSB, Bangalore",12.9634,77.5855,75.0,2026-09-19,12,False,28.0,61.4,1005.8,2.14,0.0,51.6,Clouds,scattered clouds
2026-09-19 12:00:00+00:00,8190,"BTM, Bangalore",12.9166,77.6101,131.2,2026-09-19,12,False,28.0,61.4,1005.8,2.14,0.0,51.6,Clouds,scattered clouds
2026-09-19 12:00:00+00:00,3758,"Peenya, Bangalore",13.028,77.52,150.1,2026-09-19,12,False,28.0,61.4,1005.8,2.14,0.0,51.6,Clouds,scattered clouds
2026-09-19 12:00:00+00:00,12441,"BWSSB Kadabesanahalli, Bengaluru",12.937,77.691,78.2,2026-09-19,12,False,28.0,61.4,1005.8,2.14,0.0,51.6,Clouds,scattered clouds
2026-09-19 12:00:00+00:00,11293,"Silk Board, Bengaluru",12.9172,77.6228,184.1,2026-09-19,12,False,28.0,61.4,1005.8,2.14,0.0,51.6,Clouds,scattered clouds
2026-09-19 12:00:00+00:00,11428,"Hebbal, Bengaluru",13.0357,77.597,103.0,2026-09-19,12,False,28.0,61.4,1005.8,2.14,0.0,51.6,Clouds,scattered clouds
2026-09-19 15:00:00+00:00,12441,"BWSSB Kadabesanahalli, Bengaluru",12.937,77.691,85.8,2026-09-19,15,False,27.4,72.2,1007.3,3.47,0.0,54.9,Clouds,scattered clouds
2026-09-19 15:00:00+00:00,11293,"Silk Board, Bengaluru",12.9172,77.6228,,2026-09-19,15,True,27.4,72.2,1007.3,3.47,0.0,54.9,Clouds,scattered clouds
2026-09-19 15:00:00+00:00,3758,"Peenya, Bangalore",13.028,77.52,167.1,2026-09-19,15,False,27.4,72.2,1007.3,3.47,0.0,54.9,Clouds,scattered clouds
2026-09-19 15:00:00+00:00,11428,"Hebbal, Bengaluru",13.0357,77.597,110.7,2026-09-19,15,False,27.4,72.2,1007.3,3.47,0.0,54.9,Clouds,scattered clouds
2026-09-19 15:00:00+00:00,8191,"BWSSB, Bangalore",12.9634,77.5855,98.7,2026-09-19,15,False,27.4,72.2,1007.3,3.47,0.0,54.9,Clouds,scattered clouds
2026-09-19 15:00:00+00:00,8686,"City Railway Station, Bangalore",12.9767,77.5713,,2026-09-19,15,True,27.4,72.2,1007.3,3.47,0.0,54.9,Clouds,scattered clouds
2026-09-19 15:00:00+00:00,8190,"BTM, Bangalore",12.9166,77.6101,89.5,2026-09-19,15,False,27.4,72.2,1007.3,3.47,0.0,54.9,Clouds,scattered clouds
2026-09-19 18:00:00+00:00,8686,"City Railway Station, Bangalore",12.9767,77.5713,200.8,2026-09-19,18,False,26.2,80.1,1008.5,3.53,0.0,72.0,Clouds,overcast clouds
2026-09-19 18:00:00+00:00,8191,"BWSSB, Bangalore",12.9634,77.5855,116.2,2026-09-19,18,False,26.2,80.1,1008.5,3.53,0.0,72.0,Clouds,overcast clouds
2026-09-19 18:00:00+00:00,8190,"BTM, Bangalore",12.9166,77.6101,154.6,2026-09-19,18,False,26.2,80.1,1008.5,3.53,0.0,72.0,Clouds,overcast clouds
2026-09-19 18:00:00+00:00,3758,"Peenya, Bangalore",13.028,77.52,227.4,2026-09-19,18,False,26.2,80.1,1008.5,3.53,0.0,72.0,Clouds,overcast clouds
2026-09-19 18:00:00+00:00,12441,"BWSSB Kadabesanahalli, Bengaluru",12.937,77.691,90.4,2026-09-19,18,False,26.2,80.1,1008.5,3.53,0.0,72.0,Clouds,overcast clouds
2026-09-19 18:00:00+00:00,11293,"Silk Board, Bengaluru",12.9172,77.6228,232.1,2026-09-19,18,False,26.2,80.1,1008.5,3.53,0.0,72.0,Clouds,overcast clouds
2026-09-19 18:00:00+00:00,11428,"Hebbal, Bengaluru",13.0357,77.597,164.4,2026-09-19,18,False,26.2,80.1,1008.5,3.53,0.0,72.0,Clouds,overcast clouds
2026-09-19 21:00:00+00:00,11428,"Hebbal, Bengaluru",13.0357,77.597,111.6,2026-09-19,21,False,20.2,82.1,1012.2,3.07,0.0,51.8,Clouds,scattered clouds
2026-09-19 21:00:00+00:00,11293,"Silk Board, Bengaluru",12.9172,77.6228,188.8,2026-09-19,21,False,20.2,82.1,1012.2,3.07,0.0,51.8,Clouds,scattered clouds
2026-09-19 21:00:00+00:00,12441,"BWSSB Kadabesanahalli, Bengaluru",12.937,77.691,89.5,2026-09-19,21,False,20.2,82.1,1012.2,3.07,0.0,51.8,Clouds,scattered clouds
2026-09-19 21:00:00+00:00,3758,"Peenya, Bangalore",13.028,77.52,158.1,2026-09-19,21,False,20.2,82.1,1012.2,3.07,0.0,51.8,Clouds,scattered clouds
2026-09-19 21:00:00+00:00,8191,"BWSSB, Bangalore",12.9634,77.5855,84.7,2026-09-19,21,False,20.2,82.1,1012.2,3.07,0.0,51.8,Clouds,scattered clouds
2026-09-19 21:00:00+00:00,8686,"City Railway Station, Bangalore",12.9767,77.5713,136.3,2026-09-19,21,False,20.2,82.1,1012.2,3.07,0.0,51.8,Clouds,scattered clouds
2026-09-19 21:00:00+00:00,8190,"BTM, Bangalore",12.9166,77.6101,118.4,2026-09-19,21,False,20.2,82.1,1012.2,3.07,0.0,51.8,Clouds,scattered clouds
2026-09-20 00:00:00+00:00,8686,"City Railway Station, Bangalore",12.9767,77.5713,151.7,2026-09-20,0,False,17.8,82.8,1009.3,3.21,0.0,54.4,Clouds,scattered clouds
2026-09-20 00:00:00+00:00,8191,"BWSSB, Bangalore",12.9634,77.5855,73.8,2026-09-20,0,False,17.8,82.8,1009.3,3.21,0.0,54.4,Clouds,scattered clouds
2026-09-20 00:00:00+00:00,8190,"BTM, Bangalore",12.9166,77.6101,123.7,2026-09-20,0,False,17.8,82.8,1009.3,3.21,0.0,54.4,Clouds,scattered clouds
2026-09-20 00:00:00+00:00,3758,"Peenya, Bangalore",13.028,77.52,149.2,2026-09-20,0,False,17.8,82.8,1009.3,3.21,0.0,54.4,Clouds,scattered clouds
2026-09-20 00:00:00+00:00,12441,"BWSSB Kadabesanahalli, Bengaluru",12.937,77.691,85.3,2026-09-20,0,False,17.8,82.8,1009.3,3.21,0.0,54.4,Clouds,scattered clouds
2026-09-20 00:00:00+00:00,11293,"Silk Board, Bengaluru",12.9172,77.6228,184.8,2026-09-20,0,False,17.8,82.8,1009.3,3.21,0.0,54.4,Clouds,scattered clouds
2026-09-20 00:00:00+00:00,11428,"Hebbal, Bengaluru",13.0357,77.597,127.4,2026-09-20,0,False,17.8,82.8,1009.3,3.21,0.0,54.4,Clouds,scattered clouds
2026-09-20 03:00:00+00:00,12441,"BWSSB Kadabesanahalli, Bengaluru",12.937,77.691,59.8,2026-09-20,3,False,16.8,68.0,1008.9,3.32,0.0,46.2,Clouds,scattered clouds
2026-09-20 03:00:00+00:00,11428,"Hebbal, Bengaluru",13.0357,77.597,86.3,2026-09-20,3,False,16.8,68.0,1008.9,3.32,0.0,46.2,Clouds,scattered clouds
2026-09-20 03:00:00+00:00,3758,"Peenya, Bangalore",13.028,77.52,135.0,2026-09-20,3,False,16.8,68.0,1008.9,3.32,0.0,46.2,Clouds,scattered clouds
2026-09-20 03:00:00+00:00,11293,"Silk Board, Bengaluru",12.9172,77.6228,126.0,2026-09-20,3,False,16.8,68.0,1008.9,3.32,0.0,46.2,Clouds,scattered clouds
2026-09-20 03:00:00+00:00,8191,"BWSSB, Bangalore",12.9634,77.5855,70.8,2026-09-20,3,False,16.8,68.0,1008.9,3.32,0.0,46.2,Clouds,scattered clouds
2026-09-20 03:00:00+00:00,8686,"City Railway Station, Bangalore",12.9767,77.5713,102.4,2026-09-20,3,False,16.8,68.0,1008.9,3.32,0.0,46.2,Clouds,scattered clouds
2026-09-20 03:00:00+00:00,8190,"BTM, Bangalore",12.9166,77.6101,90.7,2026-09-20,3,False,16.8,68.0,1008.9,3.32,0.0,46.2,Clouds,scattered clouds
2026-09-20 06:00:00+00:00,11293,"Silk Board, Bengaluru",12.9172,77.6228,189.7,2026-09-20,6,False,21.0,54.3,1010.1,3.95,0.0,34.6,Clouds,scattered clouds
2026-09-20 06:00:00+00:00,12441,"BWSSB Kadabesanahalli, Bengaluru",12.937,77.691,88.6,2026-09-20,6,False,21.0,54.3,1010.1,3.95,0.0,34.6,Clouds,scattered clouds
2026-09-20 06:00:00+00:00,3758,"Peenya, Bangalore",13.028,77.52,173.6,2026-09-20,6,False,21.0,54.3,1010.1,3.95,0.0,34.6,Clouds,scattered clouds
2026-09-20 06:00:00+00:00,11428,"Hebbal, Bengaluru",13.0357,77.597,111.8,2026-09-20,6,False,21.0,54.3,1010.1,3.95,0.0,34.6,Clouds,scattered clouds
2026-09-20 06:00:00+00:00,8191,"BWSSB, Bangalore",12.9634,77.5855,,2026-09-20,6,True,21.0,54.3,1010.1,3.95,0.0,34.6,Clouds,scattered clouds
2026-09-20 06:00:00+00:00,8686,"City Railway Station, Bangalore",12.9767,77.5713,122.2,2026-09-20,6,False,21.0,54.3,1010.1,3.95,0.0,34.6,Clouds,scattered clouds
2026-09-20 06:00:00+00:00,8190,"BTM, Bangalore",12.9166,77.6101,117.0,2026-09-20,6,False,21.0,54.3,1010.1,3.95,0.0,34.6,Clouds,scattered clouds
2026-09-20 09:00:00+00:00,8686,"City Railway Station, Bangalore",12.9767,77.5713,157.1,2026-09-20,9,False,25.3,56.5,1006.3,0.82,4.39,13.1,Rain,light rain
2026-09-20 09:00:00+00:00,8191,"BWSSB, Bangalore",12.9634,77.5855,84.0,2026-09-20,9,False,25.3,56.5,1006.3,0.82,4.39,13.1,Rain,light rain
2026-09-20 09:00:00+00:00,8190,"BTM, Bangalore",12.9166,77.6101,104.9,2026-09-20,9,False,25.3,56.5,1006.3,0.82,4.39,13.1,Rain,light rain
2026-09-20 09:00:00+00:00,3758,"Peenya, Bangalore",13.028,77.52,173.5,2026-09-20,9,False,25.3,56.5,1006.3,0.82,4.39,13.1,Rain,light rain
2026-09-20 09:00:00+00:00,12441,"BWSSB Kadabesanahalli, Bengaluru",12.937,77.691,95.6,2026-09-20,9,False,25.3,56.5,1006.3,0.82,4.39,13.1,Rain,light rain
2026-09-20 09:00:00+00:00,11293,"Silk Board, Bengaluru",12.9172,77.6228,196.2,2026-09-20,9,False,25.3,56.5,1006.3,0.82,4.39,13.1,Rain,light rain
2026-09-20 09:00:00+00:00,11428,"Hebbal, Bengaluru",13.0357,77.597,123.9,2026-09-20,9,False,25.3,56.5,1006.3,0.82,4.39,13.1,Rain,light rain
2026-09-20 12:00:00+00:00,12441,"BWSSB Kadabesanahalli, Bengaluru",12.937,77.691,82.5,2026-09-20,12,False,27.3,63.6,1008.6,2.67,0.79,44.9,Rain,light rain
2026-09-20 12:00:00+00:00,11293,"Silk Board, Bengaluru",12.9172,77.6228,163.6,2026-09-20,12,False,27.3,63.6,1008.6,2.67,0.79,44.9,Rain,light rain
2026-09-20 12:00:00+00:00,3758,"Peenya, Bangalore",13.028,77.52,152.5,2026-09-20,12,False,27.3,63.6,1008.6,2.67,0.79,44.9,Rain,light rain
2026-09-20 12:00:00+00:00,11428,"Hebbal, Bengaluru",13.0357,77.597,101.2,2026-09-20,12,False,27.3,63.6,1008.6,2.67,0.79,44.9,Rain,light rain
2026-09-20 12:00:00+00:00,8191,"BWSSB, Bangalore",12.9634,77.5855,85.0,2026-09-20,12,False,27.3,63.6,1008.6,2.67,0.79,44.9,Rain,light rain
2026-09-20 12:00:00+00:00,8686,"City Railway Station, Bangalore",12.9767,77.5713,163.9,2026-09-20,12,False,27.3,63.6,1008.6,2.67,0.79,44.9,Rain,light rain
2026-09-20 12:00:00+00:00,8190,"BTM, Bangalore",12.9166,77.6101,98.5,2026-09-20,12,False,27.3,63.6,1008.6,2.67,0.79,44.9,Rain,light rain
2026-09-20 15:00:00+00:00,8686,"City Railway Station, Bangalore",12.9767,77.5713,142.0,2026-09-20,15,False,29.1,72.8,1006.3,4.86,0.0,64.6,Clouds,scattered clouds
2026-09-20 15:00:00+00:00,8191,"BWSSB, Bangalore",12.9634,77.5855,87.6,2026-09-20,15,False,29.1,72.8,1006.3,4.86,0.0,64.6,Clouds,scattered clouds
2026-09-20 15:00:00+00:00,8190,"BTM, Bangalore",12.9166,77.6101,105.3,2026-09-20,15,False,29.1,72.8,1006.3,4.86,0.0,64.6,Clouds,scattered clouds
2026-09-20 15:00:00+00:00,3758,"Peenya, Bangalore",13.028,77.52,168.4,2026-09-20,15,False,29.1,72.8,1006.3,4.86,0.0,64.6,Clouds,scattered clouds
2026-09-20 15:00:00+00:00,12441,"BWSSB Kadabesanahalli, Bengaluru",12.937,77.691,92.0,2026-09-20,15,False,29.1,72.8,1006.3,4.86,0.0,64.6,Clouds,scattered clouds
2026-09-20 15:00:00+00:00,11293,"Silk Board, Bengaluru",12.9172,77.6228,172.9,2026-09-20,15,False,29.1,72.8,1006.3,4.86,0.0,64.6,Clouds,scattered clouds
2026-09-20 15:00:00+00:00,11428,"Hebbal, Bengaluru",13.0357,77.597,110.4,2026-09-20,15,False,29.1,72.8,1006.3,4.86,0.0,64.6,Clouds,scattered clouds
2026-09-20 18:00:00+00:00,11428,"Hebbal, Bengaluru",13.0357,77.597,167.1,2026-09-20,18,False,26.0,88.4,1008.0,1.98,0.0,69.6,Clouds,overcast clouds
2026-09-20 18:00:00+00:00,11293,"Silk Board, Bengaluru",12.9172,77.6228,247.4,2026-09-20,18,False,26.0,88.4,1008.0,1.98,0.0,69.6,Clouds,overcast clouds
2026-09-20 18:00:00+00:00,12441,"BWSSB Kadabesanahalli, Bengaluru",12.937,77.691,124.4,2026-09-20,18,False,26.0,88.4,1008.0,1.98,0.0,69.6,Clouds,overcast clouds
2026-09-20 18:00:00+00:00,3758,"Peenya, Bangalore",13.028,77.52,203.1,2026-09-20,18,False,26.0,88.4,1008.0,1.98,0.0,69.6,Clouds,overcast clouds
2026-09-20 18:00:00+00:00,8191,"BWSSB, Bangalore",12.9634,77.5855,142.7,2026-09-20,18,False,26.0,88.4,1008.0,1.98,0.0,69.6,Clouds,overcast clouds
2026-09-20 18:00:00+00:00,8686,"City Railway Station, Bangalore",12.9767,77.5713,203.3,2026-09-20,18,False,26.0,88.4,1008.0,1.98,0.0,69.6,Clouds,overcast clouds
2026-09-20 18:00:00+00:00,8190,"BTM, Bangalore",12.9166,77.6101,152.6,2026-09-20,18,False,26.0,88.4,1008.0,1.98,0.0,69.6,Clouds,overcast clouds
2026-09-20 21:00:00+00:00,8686,"City Railway Station, Bangalore",12.9767,77.5713,130.0,2026-09-20,21,False,21.8,87.1,1007.3,1.85,0.0,74.1,Clouds,overcast clouds
2026-09-20 21:00:00+00:00,8191,"BWSSB, Bangalore",12.9634,77.5855,99.4,2026-09-20,21,False,21.8,87.1,1007.3,1.85,0.0,74.1,Clouds,overcast clouds
2026-09-20 21:00:00+00:00,8190,"BTM, Bangalore",12.9166,77.6101,105.3,2026-09-20,21,False,21.8,87.1,1007.3,1.85,0.0,74.1,Clouds,overcast clouds
2026-09-20 21:00:00+00:00,3758,"Peenya, Bangalore",13.028,77.52,167.3,2026-09-20,21,False,21.8,87.1,1007.3,1.85,0.0,74.1,Clouds,overcast clouds
2026-09-20 21:00:00+00:00,12441,"BWSSB Kadabesanahalli, Bengaluru",12.937,77.691,88.6,2026-09-20,21,False,21.8,87.1,1007.3,1.85,0.0,74.1,Clouds,overcast clouds
2026-09-20 21:00:00+00:00,11293,"Silk Board, Bengaluru",12.9172,77.6228,182.7,2026-09-20,21,False,21.8,87.1,1007.3,1.85,0.0,74.1,Clouds,overcast clouds
2026-09-20 21:00:00+00:00,11428,"Hebbal, Bengaluru",13.0357,77.597,146.0,2026-09-20,21,False,21.8,87.1,1007.3,1.85,0.0,74.1,Clouds,overcast clouds
2026-09-21 00:00:00+00:00,12441,"BWSSB Kadabesanahalli, Bengaluru",12.937,77.691,84.0,2026-09-21,0,False,18.0,82.2,1007.1,3.11,1.26,61.9,Rain,light rain
2026-09-21 00:00:00+00:00,11428,"Hebbal, Bengaluru",13.0357,77.597,,2026-09-21,0,True,18.0,82.2,1007.1,3.11,1.26,61.9,Rain,light rain
2026-09-21 00:00:00+00:00,3758,"Peenya, Bangalore",13.028,77.52,148.9,2026-09-21,0,False,18.0,82.2,1007.1,3.11,1.26,61.9,Rain,light rain
2026-09-21 00:00:00+00:00,11293,"Silk Board, Bengaluru",12.9172,77.6228,,2026-09-21,0,True,18.0,82.2,1007.1,3.11,1.26,61.9,Rain,light rain
2026-09-21 00:00:00+00:00,8191,"BWSSB, Bangalore",12.9634,77.5855,84.7,2026-09-21,0,False,18.0,82.2,1007.1,3.11,1.26,61.9,Rain,light rain
2026-09-21 00:00:00+00:00,8686,"City Railway Station, Bangalore",12.9767,77.5713,133.5,2026-09-21,0,False,18.0,82.2,1007.1,3.11,1.26,61.9,Rain,light rain
2026-09-21 00:00:00+00:00,8190,"BTM, Bangalore",12.9166,77.6101,105.2,2026-09-21,0,False,18.0,82.2,1007.1,3.11,1.26,61.9,Rain,light rain
2026-09-21 03:00:00+00:00,8686,"City Railway Station, Bangalore",12.9767,77.5713,102.9,2026-09-21,3,False,17.1,60.0,1005.5,0.8,0.0,40.8,Clouds,scattered clouds
2026-09-21 03:00:00+00:00,8191,"BWSSB, Bangalore",12.9634,77.5855,59.0,2026-09-21,3,False,17.1,60.0,1005.5,0.8,0.0,40.8,Clouds,scattered clouds
2026-09-21 03:00:00+00:00,8190,"BTM, Bangalore",12.9166,77.6101,91.0,2026-09-21,3,False,17.1,60.0,1005.5,0.8,0.0,40.8,Clouds,scattered clouds
2026-09-21 03:00:00+00:00,3758,"Peenya, Bangalore",13.028,77.52,108.4,2026-09-21,3,False,17.1,60.0,1005.5,0.8,0.0,40.8,Clouds,scattered clouds
2026-09-21 03:00:00+00:00,12441,"BWSSB Kadabesanahalli, Bengaluru",12.937,77.691,76.5,2026-09-21,3,False,17.1,60.0,1005.5,0.8,0.0,40.8,Clouds,scattered clouds
2026-09-21 03:00:00+00:00,11293,"Silk Board, Bengaluru",12.9172,77.6228,139.1,2026-09-21,3,False,17.1,60.0,1005.5,0.8,0.0,40.8,Clouds,scattered clouds
2026-09-21 03:00:00+00:00,11428,"Hebbal, Bengaluru",13.0357,77.597,88.8,2026-09-21,3,False,17.1,60.0,1005.5,0.8,0.0,40.8,Clouds,scattered clouds
2026-09-21 06:00:00+00:00,11428,"Hebbal, Bengaluru",13.0357,77.597,114.4,2026-09-21,6,False,18.8,54.9,1005.5,2.26,1.58,36.2,Rain,light rain
2026-09-21 06:00:00+00:00,11293,"Silk Board, Bengaluru",12.9172,77.6228,149.8,2026-09-21,6,False,18.8,54.9,1005.5,2.26,1.58,36.2,Rain,light rain
2026-09-21 06:00:00+00:00,12441,"BWSSB Kadabesanahalli, Bengaluru",12.937,77.691,89.7,2026-09-21,6,False,18.8,54.9,1005.5,2.26,1.58,36.2,Rain,light rain
2026-09-21 06:00:00+00:00,3758,"Peenya, Bangalore",13.028,77.52,160.5,2026-09-21,6,False,18.8,54.9,1005.5,2.26,1.58,36.2,Rain,light rain
2026-09-21 06:00:00+00:00,8191,"BWSSB, Bangalore",12.9634,77.5855,93.6,2026-09-21,6,False,18.8,54.9,1005.5,2.26,1.58,36.2,Rain,light rain
2026-09-21 06:00:00+00:00,8686,"City Railway Station, Bangalore",12.9767,77.5713,146.3,2026-09-21,6,False,18.8,54.9,1005.5,2.26,1.58,36.2,Rain,light rain
2026-09-21 06:00:00+00:00,8190,"BTM, Bangalore",12.9166,77.6101,101.0,2026-09-21,6,False,18.8,54.9,1005.5,2.26,1.58,36.2,Rain,light rain
2026-09-21 09:00:00+00:00,8686,"City Railway Station, Bangalore",12.9767,77.5713,185.2,2026-09-21,9,False,25.6,57.0,1005.3,2.87,0.0,23.1,Clouds,scattered clouds
2026-09-21 09:00:00+00:00,8191,"BWSSB, Bangalore",12.9634,77.5855,129.8,2026-09-21,9,False,25.6,57.0,1005.3,2.87,0.0,23.1,Clouds,scattered clouds
2026-09-21 09:00:00+00:00,8190,"BTM, Bangalore",12.9166,77.6101,140.3,2026-09-21,9,False,25.6,57.0,1005.3,2.87,0.0,23.1,Clouds,scattered clouds
2026-09-21 09:00:00+00:00,3758,"Peenya, Bangalore",13.028,77.52,,2026-09-21,9,True,25.6,57.0,1005.3,2.87,0.0,23.1,Clouds,scattered clouds
2026-09-21 09:00:00+00:00,12441,"BWSSB Kadabesanahalli, Bengaluru",12.937,77.691,96.1,2026-09-21,9,False,25.6,57.0,1005.3,2.87,0.0,23.1,Clouds,scattered clouds
2026-09-21 09:00:00+00:00,11293,"Silk Board, Bengaluru",12.9172,77.6228,230.8,2026-09-21,9,False,25.6,57.0,1005.3,2.87,0.0,23.1,Clouds,scattered clouds
2026-09-21 09:00:00+00:00,11428,"Hebbal, Bengaluru",13.0357,77.597,132.9,2026-09-21,9,False,25.6,57.0,1005.3,2.87,0.0,23.1,Clouds,scattered clouds
2026-09-21 12:00:00+00:00,11428,"Hebbal, Bengaluru",13.0357,77.597,111.2,2026-09-21,12,False,28.8,63.8,1008.0,1.53,0.0,39.5,Clouds,scattered clouds
2026-09-21 12:00:00+00:00,11293,"Silk Board, Bengaluru",12.9172,77.6228,172.9,2026-09-21,12,False,28.8,63.8,1008.0,1.53,0.0,39.5,Clouds,scattered clouds
2026-09-21 12:00:00+00:00,12441,"BWSSB Kadabesanahalli, Bengaluru",12.937,77.691,88.5,2026-09-21,12,False,28.8,63.8,1008.0,1.53,0.0,39.5,Clouds,scattered clouds
2026-09-21 12:00:00+00:00,8191,"BWSSB, Bangalore",12.9634,77.5855,,2026-09-21,12,True,28.8,63.8,1008.0,1.53,0.0,39.5,Clouds,scattered clouds
2026-09-21 12:00:00+00:00,8190,"BTM, Bangalore",12.9166,77.6101,131.4,2026-09-21,12,False,28.8,63.8,1008.0,1.53,0.0,39.5,Clouds,scattered clouds
2026-09-21 12:00:00+00:00,8686,"City Railway Station, Bangalore",12.9767,77.5713,126.1,2026-09-21,12,False,28.8,63.8,1008.0,1.53,0.0,39.5,Clouds,scattered clouds
2026-09-21 12:00:00+00:00,3758,"Peenya, Bangalore",13.028,77.52,154.5,2026-09-21,12,False,28.8,63.8,1008.0,1.53,0.0,39.5,Clouds,scattered clouds
2026-09-21 15:00:00+00:00,8686,"City Railway Station, Bangalore",12.9767,77.5713,144.3,2026-09-21,15,False,29.6,75.8,1011.6,2.78,0.0,47.2,Clouds,scattered clouds
2026-09-21 15:00:00+00:00,8191,"BWSSB, Bangalore",12.9634,77.5855,105.7,2026-09-21,15,False,29.6,75.8,1011.6,2.78,0.0,47.2,Clouds,scattered clouds
2026-09-21 15:00:00+00:00,8190,"BTM, Bangalore",12.9166,77.6101,117.6,2026-09-21,15,False,29.6,75.8,1011.6,2.78,0.0,47.2,Clouds,scattered clouds
2026-09-21 15:00:00+00:00,3758,"Peenya, Bangalore",13.028,77.52,180.8,2026-09-21,15,False,29.6,75.8,1011.6,2.78,0.0,47.2,Clouds,scattered clouds
2026-09-21 15:00:00+00:00,12441,"BWSSB Kadabesanahalli, Bengaluru",12.937,77.691,90.4,2026-09-21,15,False,29.6,75.8,1011.6,2.78,0.0,47.2,Clouds,scattered clouds
2026-09-21 15:00:00+00:00,11293,"Silk Board, Bengaluru",12.9172,77.6228,195.8,2026-09-21,15,False,29.6,75.8,1011.6,2.78,0.0,47.2,Clouds,scattered clouds
2026-09-21 15:00:00+00:00,11428,"Hebbal, Bengaluru",13.0357,77.597,122.4,2026-09-21,15,False,29.6,75.8,1011.6,2.78,0.0,47.2,Clouds,scattered clouds
2026-09-21 18:00:00+00:00,11428,"Hebbal, Bengaluru",13.0357,77.597,160.7,2026-09-21,18,False,25.5,81.5,1008.0,3.02,0.0,61.6,Clouds,scattered clouds
2026-09-21 18:00:00+00:00,11293,"Silk Board, Bengaluru",12.9172,77.6228,249.3,2026-09-21,18,False,25.5,81.5,1008.0,3.02,0.0,61.6,Clouds,scattered clouds
2026-09-21 18:00:00+00:00,12441,"BWSSB Kadabesanahalli, Bengaluru",12.937,77.691,125.6,2026-09-21,18,False,25.5,81.5,1008.0,3.02,0.0,61.6,Clouds,scattered clouds
2026-09-21 18:00:00+00:00,8191,"BWSSB, Bangalore",12.9634,77.5855,117.1,2026-09-21,18,False,25.5,81.5,1008.0,3.02,0.0,61.6,Clouds,scattered clouds
2026-09-21 18:00:00+00:00,8190,"BTM, Bangalore",12.9166,77.6101,157.5,2026-09-21,18,False,25.5,81.5,1008.0,3.02,0.0,61.6,Clouds,scattered clouds
2026-09-21 18:00:00+00:00,8686,"City Railway Station, Bangalore",12.9767,77.5713,214.7,2026-09-21,18,False,25.5,81.5,1008.0,3.02,0.0,61.6,Clouds,scattered clouds
2026-09-21 18:00:00+00:00,3758,"Peenya, Bangalore",13.028,77.52,209.2,2026-09-21,18,False,25.5,81.5,1008.0,3.02,0.0,61.6,Clouds,scattered clouds
2026-09-21 21:00:00+00:00,11293,"Silk Board, Bengaluru",12.9172,77.6228,180.9,2026-09-21,21,False,20.0,81.8,1007.8,0.94,0.0,89.3,Clouds,overcast clouds
2026-09-21 21:00:00+00:00,8686,"City Railway Station, Bangalore",12.9767,77.5713,161.4,2026-09-21,21,False,20.0,81.8,1007.8,0.94,0.0,89.3,Clouds,overcast clouds
2026-09-21 21:00:00+00:00,8191,"BWSSB, Bangalore",12.9634,77.5855,92.9,2026-09-21,21,False,20.0,81.8,1007.8,0.94,0.0,89.3,Clouds,overcast clouds
2026-09-21 21:00:00+00:00,8190,"BTM, Bangalore",12.9166,77.6101,120.6,2026-09-21,21,False,20.0,81.8,1007.8,0.94,0.0,89.3,Clouds,overcast clouds
2026-09-21 21:00:00+00:00,3758,"Peenya, Bangalore",13.028,77.52,182.7,2026-09-21,21,False,20.0,81.8,1007.8,0.94,0.0,89.3,Clouds,overcast clouds
2026-09-21 21:00:00+00:00,12441,"BWSSB Kadabesanahalli, Bengaluru",12.937,77.691,104.6,2026-09-21,21,False,20.0,81.8,1007.8,0.94,0.0,89.3,Clouds,overcast clouds
2026-09-21 21:00:00+00:00,11428,"Hebbal, Bengaluru",13.0357,77.597,123.1,2026-09-21,21,False,20.0,81.8,1007.8,0.94,0.0,89.3,Clouds,overcast clouds
