fetched_at,temperature_c,humidity_pct,pressure_hpa,wind_speed_ms,rain_1h_mm,clouds_pct,weather_main,weather_desc
2026-09-15T00:00:00+00:00,18.2,77.1,1011.2,2.27,0.0,57.7,Clouds,scattered clouds
2026-09-15T03:00:00+00:00,16.7,67.9,1006.8,2.62,0.0,39.7,Clouds,scattered clouds
2026-09-15T06:00:00+00:00,20.6,57.5,1005.0,2.38,0.0,29.7,Clouds,scattered clouds
2026-09-15T09:00:00+00:00,23.3,58.8,1009.7,3.68,0.0,21.7,Clouds,scattered clouds
2026-09-15T12:00:00+00:00,28.0,63.6,1009.8,1.69,0.0,35.0,Clouds,scattered clouds
2026-09-15T15:00:00+00:00,29.2,73.4,1008.0,1.56,0.0,69.2,Clouds,overcast clouds
2026-09-15T18:00:00+00:00,27.1,78.8,1008.2,1.51,0.0,61.7,Clouds,scattered clouds
2026-09-15T21:00:00+00:00,21.2,86.2,1007.4,3.86,0.0,94.7,Clouds,overcast clouds
2026-09-16T00:00:00+00:00,18.0,75.4,1005.6,4.37,0.0,64.7,Clouds,scattered clouds
2026-09-16T03:00:00+00:00,17.9,65.4,1005.2,5.23,0.0,45.8,Clouds,scattered clouds
2026-09-16T06:00:00+00:00,19.3,52.5,1008.3,2.71,0.0,20.2,Clouds,scattered clouds
2026-09-16T09:00:00+00:00,24.8,56.3,1010.7,3.94,0.0,30.8,Clouds,scattered clouds
2026-09-16T12:00:00+00:00,27.8,65.8,1006.5,1.78,0.0,46.8,Clouds,scattered clouds
2026-09-16T15:00:00+00:00,28.2,78.9,1009.9,2.82,0.0,39.1,Clouds,scattered clouds
2026-09-16T18:00:00+00:00,23.4,79.9,1007.1,4.13,0.0,53.0,Clouds,scattered clouds
2026-09-16T21:00:00+00:00,22.0,84.7,1009.8,2.01,0.0,71.4,Clouds,overcast clouds
2026-09-17T00:00:00+00:00,17.8,77.9,1007.6,3.05,0.0,58.0,Clouds,scattered clouds
2026-09-17T03:00:00+00:00,18.7,69.3,1009.5,3.7,0.0,32.9,Clouds,scattered clouds
2026-09-17T06:00:00+00:00,20.2,55.5,1005.1,2.03,0.0,35.0,Clouds,scattered clouds
2026-09-17T09:00:00+00:00,25.6,57.8,1007.3,1.05,0.0,22.2,Clouds,scattered clouds
2026-09-17T12:00:00+00:00,29.9,60.1,1006.5,0.38,0.0,34.7,Clouds,scattered clouds
2026-09-17T15:00:00+00:00,29.0,70.6,1003.1,2.78,0.0,58.0,Clouds,scattered clouds
2026-09-17T18:00:00+00:00,24.8,86.8,1010.4,4.05,0.0,68.5,Clouds,overcast clouds
2026-09-17T21:00:00+00:00,21.6,78.0,1008.0,3.48,0.0,72.6,Clouds,overcast clouds
2026-09-18T00:00:00+00:00,17.8,80.4,1007.8,1.97,0.0,52.1,Clouds,scattered clouds
2026-09-18T03:00:00+00:00,16.8,62.4,1009.7,1.87,0.0,22.9,Clouds,scattered clouds
2026-09-18T06:00:00+00:00,21.3,59.7,1011.0,2.58,0.0,24.1,Clouds,scattered clouds
2026-09-18T09:00:00+00:00,24.2,54.3,1008.8,0.3,0.0,37.5,Clouds,scattered clouds
2026-09-18T12:00:00+00:00,26.9,62.6,1007.9,3.14,0.0,23.4,Clouds,scattered clouds
2026-09-18T15:00:00+00:00,28.9,74.2,1007.8,2.99,0.0,71.0,Clouds,overcast clouds
2026-09-18T18:00:00+00:00,24.5,81.9,1009.7,2.83,0.0,65.1,Clouds,overcast clouds
2026-09-18T21:00:00+00:00,20.6,82.0,1007.3,4.01,0.0,73.3,Clouds,overcast clouds
2026-09-19T00:00:00+00:00,16.4,82.0,1012.9,2.78,0.0,48.7,Clouds,scattered clouds
2026-09-19T03:00:00+00:00,19.2,67.7,1009.7,3.57,0.0,39.0,Clouds,scattered clouds
2026-09-19T06:00:00+00:00,21.5,60.4,1013.1,2.23,0.0,21.6,Clouds,scattered clouds
2026-09-19T09:00:00+00:00,23.6,56.1,1009.7,2.35,0.0,36.0,Clouds,scattered clouds
2026-09-19T12:00:00+00:00,28.0,61.4,1005.8,2.14,0.0,51.6,Clouds,scattered clouds
2026-09-19T15:00:00+00:00,27.4,72.2,1007.3,3.47,0.0,54.9,Clouds,scattered clouds
2026-09-19T18:00:00+00:00,26.2,80.1,1008.5,3.53,0.0,72.0,Clouds,overcast clouds
2026-09-19T21:00:00+00:00,20.2,82.1,1012.2,3.07,0.0,51.8,Clouds,scattered clouds
2026-09-20T00:00:00+00:00,17.8,82.8,1009.3,3.21,0.0,54.4,Clouds,scattered clouds
2026-09-20T03:00:00+00:00,16.8,68.0,1008.9,3.32,0.0,46.2,Clouds,scattered clouds
2026-09-20T06:00:00+00:00,21.0,54.3,1010.1,3.95,0.0,34.6,Clouds,scattered clouds
2026-09-20T09:00:00+00:00,25.3,56.5,1006.3,0.82,4.39,13.1,Rain,light rain
2026-09-20T12:00:00+00:00,27.3,63.6,1008.6,2.67,0.79,44.9,Rain,light rain
2026-09-20T15:00:00+00:00,29.1,72.8,1006.3,4.86,0.0,64.6,Clouds,scattered clouds
2026-09-20T18:00:00+00:00,26.0,88.4,1008.0,1.98,0.0,69.6,Clouds,overcast clouds
2026-09-20T21:00:00+00:00,21.8,87.1,1007.3,1.85,0.0,74.1,Clouds,overcast clouds
2026-09-21T00:00:00+00:00,18.0,82.2,1007.1,3.11,1.26,61.9,Rain,light rain
2026-09-21T03:00:00+00:00,17.1,60.0,1005.5,0.8,0.0,40.8,Clouds,scattered clouds
2026-09-21T06:00:00+00:00,18.8,54.9,1005.5,2.26,1.58,36.2,Rain,light rain
2026-09-21T09:00:00+00:00,25.6,57.0,1005.3,2.87,0.0,23.1,Clouds,scattered clouds
2026-09-21T12:00:00+00:00,28.8,63.8,1008.0,1.53,0.0,39.5,Clouds,scattered clouds
2026-09-21T15:00:00+00:00,29.6,75.8,1011.6,2.78,0.0,47.2,Clouds,scattered clouds
2026-09-21T18:00:00+00:00,25.5,81.5,1008.0,3.02,0.0,61.6,Clouds,scattered clouds
2026-09-21T21:00:00+00:00,20.0,81.8,1007.8,0.94,0.0,89.3,Clouds,overcast clouds
2026-09-23T14:57:57.539683+00:00,24.89,66,1011,5.91,0.0,100,Clouds,overcast clouds
2026-09-24T13:58:30.896740+00:00,26.01,65,1010,7.2,0.0,100,Clouds,overcast clouds
2026-09-25T16:18:04.997544+00:00,21.12,90,1013,5.56,0.0,100,Clouds,overcast clouds
2026-09-25T16:18:37.262758+00:00,21.12,90,1013,5.56,0.0,100,Clouds,overcast clouds
2026-09-25T16:19:16.268106+00:00,21.12,90,1013,5.56,0.0,100,Clouds,overcast clouds
2026-09-25T16:19:47.851858+00:00,21.12,90,1013,5.56,0.0,100,Clouds,overcast clouds
2026-09-25T16:20:19.430610+00:00,21.12,90,1013,5.56,0.0,100,Clouds,overcast clouds
2026-09-25T16:20:53.298456+00:00,21.09,90,1013,5.56,0.0,100,Clouds,overcast clouds
2026-09-25T16:21:24.905670+00:00,21.09,90,1013,5.56,0.0,100,Clouds,overcast clouds
2026-09-25T16:28:29.009989+00:00,21.09,90,1013,5.56,0.0,100,Clouds,overcast clouds
2026-09-25T16:29:00.753959+00:00,21.09,90,1013,5.56,0.0,100,Clouds,overcast clouds
2026-09-25T16:29:32.530849+00:00,21.09,90,1013,5.56,0.0,100,Clouds,overcast clouds
2026-09-25T16:30:05.385785+00:00,21.09,90,1013,5.56,0.0,100,Clouds,overcast clouds
2026-09-25T16:30:38.541797+00:00,21.09,90,1013,5.56,0.0,100,Clouds,overcast clouds
2026-09-25T16:31:10.044824+00:00,21.09,90,1013,5.56,0.0,100,Clouds,overcast clouds
2026-09-25T16:32:01.323341+00:00,21.09,90,1013,5.56,0.0,100,Clouds,overcast clouds
2026-09-25T16:41:11.065408+00:00,20.56,88,1013,5.97,0.0,100,Clouds,overcast clouds
2026-09-25T17:02:04.435764+00:00,20.5,88,1013,5.97,0.0,100,Clouds,overcast clouds
